month,date,vol,vol_unadj,age_group
72,2006-01,12725675016.9739,11165374524.2424,Age 45-64
72,2006-01,13201635677.5141,11344072056.5657,Age 30-44
72,2006-01,2133393348.64093,1947756319.69697,Age 65 and older
72,2006-01,6732290476.95611,5541472930.30303,Younger than 30
73,2006-02,12034882635.6456,11066601617.1717,Age 45-64
73,2006-02,12673868922.5024,11604880196.9697,Age 30-44
73,2006-02,2067959516.60319,1925793970.70707,Age 65 and older
73,2006-02,6521982773.82521,5792868083.83839,Younger than 30
74,2006-03,12621324426.9376,13896642535.3535,Age 45-64
74,2006-03,13157733993.0276,14624500140.404,Age 30-44
74,2006-03,2142176843.55824,2507962008.58586,Age 65 and older
74,2006-03,6451623388.16959,6914020132.32324,Younger than 30
75,2006-04,12571032483.0377,12665147242.4243,Age 45-64
75,2006-04,13125648538.2186,13370365506.5657,Age 30-44
75,2006-04,2167719890.36498,2249656619.19192,Age 65 and older
75,2006-04,6521619121.73605,6565837658.58586,Younger than 30
76,2006-05,12649093577.3473,13831330464.6465,Age 45-64
76,2006-05,13066971850.2363,14365265715.1515,Age 30-44
76,2006-05,2005560577.50821,2256574233.33334,Age 65 and older
76,2006-05,6511261227.76665,7186415159.09091,Younger than 30
77,2006-06,13175639000.2797,14060675020.7071,Age 45-64
77,2006-06,13499592558.0789,14363702372.2222,Age 30-44
77,2006-06,2248732342.37084,2434299361.11111,Age 65 and older
77,2006-06,6659318538.24241,7205138263.13131,Younger than 30
78,2006-07,13663060281.069,14959373555.0505,Age 45-64
78,2006-07,14259775799.1152,15045480045.4546,Age 30-44
78,2006-07,2350062136.44858,2540107770.20202,Age 65 and older
78,2006-07,6798609323.83891,7455584861.11112,Younger than 30
79,2006-08,13576137105.3188,14989604578.7879,Age 45-64
79,2006-08,14026231755.3157,15101253653.5354,Age 30-44
79,2006-08,2301053182.1802,2522726401.0101,Age 65 and older
79,2006-08,6765703933.0785,7583035294.9495,Younger than 30
80,2006-09,13291986905.789,12734619701.0101,Age 45-64
80,2006-09,13552895015.8451,13226689507.5758,Age 30-44
80,2006-09,2292755266.93034,2232870969.19192,Age 65 and older
80,2006-09,6866551905.72219,6917530393.43435,Younger than 30
81,2006-10,12622273014.7915,12003217702.0202,Age 45-64
81,2006-10,13157428971.8498,12456837081.8182,Age 30-44
81,2006-10,2272444114.13351,2013016326.76768,Age 65 and older
81,2006-10,6814275761.7419,6523447613.63637,Younger than 30
82,2006-11,13050504141.866,11656312085.8586,Age 30-44
82,2006-11,13121403318.3273,11336799526.2626,Age 45-64
82,2006-11,2328506978.2308,1925753193.93939,Age 65 and older
82,2006-11,6891383355.16163,6272549585.35354,Younger than 30
83,2006-12,12692124627.9245,12141021689.3939,Age 30-44
83,2006-12,12706803548.5716,12227074925.2525,Age 45-64
83,2006-12,2222981751.67112,1906835825.75758,Age 65 and older
83,2006-12,6805151562.79957,6150846885.35353,Younger than 30
84,2007-01,12762461169.2495,11205909278.7879,Age 45-64
84,2007-01,12948369897.0274,11403087436.8687,Age 30-44
84,2007-01,2283650557.14307,2126086135.35354,Age 65 and older
84,2007-01,6896981744.08753,5801659498.48485,Younger than 30
85,2007-02,13322116987.7993,12253576847.9798,Age 45-64
85,2007-02,13385586166.1057,12276029253.0303,Age 30-44
85,2007-02,2373662143.11294,2215252922.22222,Age 65 and older
85,2007-02,7214469348.17636,6406464982.82829,Younger than 30
86,2007-03,12974549423.4102,14461635829.798,Age 30-44
86,2007-03,13173350379.2179,14526202466.6667,Age 45-64
86,2007-03,2282544092.20563,2623204973.23232,Age 65 and older
86,2007-03,6795887577.45035,7387396206.06061,Younger than 30
87,2007-04,13031826116.9076,13139556189.3939,Age 45-64
87,2007-04,13235369741.5853,13531650080.303,Age 30-44
87,2007-04,2257001310.29078,2391590875.75758,Age 65 and older
87,2007-04,6745688677.31821,6781603200,Younger than 30
88,2007-05,13492833758.3247,14642058894.4445,Age 30-44
88,2007-05,13496288436.4267,14713450148.9899,Age 45-64
88,2007-05,2382033634.52556,2675363702.0202,Age 65 and older
88,2007-05,6828224363.41426,7473550805.55555,Younger than 30
89,2007-06,12548744211.041,13409754736.3636,Age 30-44
89,2007-06,13320639029.9055,14187032920.202,Age 45-64
89,2007-06,2284388738.47417,2425495424.74748,Age 65 and older
89,2007-06,6576823611.82958,7178498314.64646,Younger than 30
90,2007-07,13271007142.3447,14010308222.7273,Age 30-44
90,2007-07,13296409635.6812,14549754448.4849,Age 45-64
90,2007-07,2413591679.74586,2653677668.68687,Age 65 and older
90,2007-07,6663536492.02511,7259925839.39394,Younger than 30
91,2007-08,13206003316.3911,14355739703.5354,Age 30-44
91,2007-08,13526664276.809,14887493925.7576,Age 45-64
91,2007-08,2433521124.93881,2658625023.73737,Age 65 and older
91,2007-08,6736044259.75725,7573088437.87879,Younger than 30
92,2007-09,13450593888.0934,12664852645.9596,Age 30-44
92,2007-09,13560060513.3883,13015408738.8889,Age 45-64
92,2007-09,2535231686.59635,2414236828.78788,Age 65 and older
92,2007-09,6725068707.74405,6554102788.88889,Younger than 30
93,2007-10,13199217315.4869,12767465173.2323,Age 30-44
93,2007-10,13546340413.3998,12864847147.9798,Age 45-64
93,2007-10,2703395571.38856,2444806603.53535,Age 65 and older
93,2007-10,6883799612.31325,6752869767.67677,Younger than 30
94,2007-11,12871018782.3255,11660446738.8889,Age 30-44
94,2007-11,13239777205.8044,11489324584.3434,Age 45-64
94,2007-11,2505606893.51029,2081216460.60606,Age 65 and older
94,2007-11,6756664367.08976,6202138452.52525,Younger than 30
95,2007-12,12712716290.7831,12111034584.8485,Age 30-44
95,2007-12,12939507326.6667,12521157905.0505,Age 45-64
95,2007-12,2586860794.16717,2225046506.56566,Age 65 and older
95,2007-12,6344752874.99933,5743535167.17172,Younger than 30
96,2008-01,12193072856.0143,10639753751.5152,Age 30-44
96,2008-01,13159700621.8169,11536076015.1515,Age 45-64
96,2008-01,2398784867.69923,2242087707.07071,Age 65 and older
96,2008-01,6401585056.87557,5307312238.38384,Younger than 30
97,2008-02,12206916527.1805,11815326760.101,Age 30-44
97,2008-02,13235174520.3342,12216132396.4647,Age 45-64
97,2008-02,2379907825.65529,2324481233.33333,Age 65 and older
97,2008-02,6165052672.63713,5736767537.87879,Younger than 30
98,2008-03,12108193626.2566,13211308014.6465,Age 30-44
98,2008-03,12812078069.4029,14156849322.2222,Age 45-64
98,2008-03,2456444805.72029,2766534219.19192,Age 65 and older
98,2008-03,5953244424.36576,6359954180.80808,Younger than 30
99,2008-04,11942269993.3828,12396791460.6061,Age 30-44
99,2008-04,13245572597.8508,13382050945.9596,Age 45-64
99,2008-04,2566627974.35283,2776459461.11111,Age 65 and older
99,2008-04,5887177859.74088,6047766682.32323,Younger than 30
100,2008-05,11665126246.7346,12785874708.5859,Age 30-44
100,2008-05,12951507531.0557,14047352202.5253,Age 45-64
100,2008-05,2364888291.00649,2603979134.84849,Age 65 and older
100,2008-05,5596145156.27362,6204746287.37374,Younger than 30
101,2008-06,11204074218.1196,11568494951.5152,Age 30-44
101,2008-06,12032264620.153,12742501329.798,Age 45-64
101,2008-06,2370434194.70871,2508077683.33333,Age 65 and older
101,2008-06,5555783842.45804,5835398793.43434,Younger than 30
102,2008-07,10569632811.4958,11274957417.6768,Age 30-44
102,2008-07,11630078576.5865,12666447313.1313,Age 45-64
102,2008-07,2130794610.78445,2367592241.41414,Age 65 and older
102,2008-07,5207331560.34924,5737754204.04041,Younger than 30
103,2008-08,10372099023.5758,11045251450.5051,Age 30-44
103,2008-08,11461865857.8118,12533252594.9495,Age 45-64
103,2008-08,2196986831.44078,2300966541.91919,Age 65 and older
103,2008-08,4930500915.7139,5443742866.16162,Younger than 30
104,2008-09,10042469092.2727,9717866559.0909,Age 30-44
104,2008-09,11129116001.848,10721636112.6263,Age 45-64
104,2008-09,2098360291.45072,2064520368.68687,Age 65 and older
104,2008-09,4575011746.61255,4597495417.17172,Younger than 30
105,2008-10,1960093571.37798,1784850277.27273,Age 65 and older
105,2008-10,4326269932.77758,4228024555.05051,Younger than 30
105,2008-10,8272655256.48741,8008706460.10101,Age 30-44
105,2008-10,9316513517.66371,8848041972.72728,Age 45-64
106,2008-11,1958406404.466,1577643148.9899,Age 65 and older
106,2008-11,4007586758.19541,3587710468.68687,Younger than 30
106,2008-11,7950323072.62864,7023289812.12121,Age 30-44
106,2008-11,8983142291.079889,7856411589.39394,Age 45-64
107,2008-12,1874609709.09917,1689889141.91919,Age 65 and older
107,2008-12,3970656323.96865,3684363903.0303,Younger than 30
107,2008-12,7875889548.20768,7703363367.17172,Age 30-44
107,2008-12,9134704566.08305,8941169414.646469,Age 45-64
108,2009-01,2097094327.4564,1932196260.10101,Age 65 and older
108,2009-01,3835599682.41205,3201472093.43434,Younger than 30
108,2009-01,7915172428.22659,7003960299.49495,Age 30-44
108,2009-01,9745345254.833891,8538913367.17172,Age 45-64
109,2009-02,2090607722.63757,1967834159.09091,Age 65 and older
109,2009-02,3622290860.76243,3250564018.18182,Younger than 30
109,2009-02,7668677823.76569,7115518743.9394,Age 30-44
109,2009-02,8972376772.72757,8298222294.9495,Age 45-64
110,2009-03,2078417750.2322,2377018203.0303,Age 65 and older
110,2009-03,3577435440.41747,3845124705.05051,Younger than 30
110,2009-03,7564798633.40368,8275606274.74748,Age 30-44
110,2009-03,8918169882.65601,9870509983.838381,Age 45-64
111,2009-04,2062541361.0644,2234504140.40404,Age 65 and older
111,2009-04,3541955564.40102,3620384568.68687,Younger than 30
111,2009-04,7519204530.77833,7757962609.09092,Age 30-44
111,2009-04,9053612867.47578,9171486168.18182,Age 45-64
112,2009-05,2090641873.79525,2253643120.70707,Age 65 and older
112,2009-05,3576562144.4059,3850700623.23233,Younger than 30
112,2009-05,7658989017.36135,8222775941.41414,Age 30-44
112,2009-05,9447980112.93469,10172417763.1313,Age 45-64
113,2009-06,2363995256.17123,2536662104.0404,Age 65 and older
113,2009-06,3562607919.10785,3839535727.77778,Younger than 30
113,2009-06,7900661743.90151,8293593936.36364,Age 30-44
113,2009-06,9810454996.903351,10304706593.9394,Age 45-64
114,2009-07,10487494106.2047,11352477259.596,Age 45-64
114,2009-07,2285956316.28971,2505733912.12121,Age 65 and older
114,2009-07,3534096589.64461,3889818305.55556,Younger than 30
114,2009-07,8137520791.5311,8751936338.383841,Age 30-44
115,2009-08,12706656620.8111,13806358876.7677,Age 45-64
115,2009-08,2913065634.75052,3044956850,Age 65 and older
115,2009-08,3812640247.35493,4189334569.69697,Younger than 30
115,2009-08,9301060199.337259,9807310404.040409,Age 30-44
116,2009-09,1997138588.88368,1954609154.0404,Age 65 and older
116,2009-09,3383651908.53307,3375450933.33333,Younger than 30
116,2009-09,7831214772.42314,7534162806.06061,Age 30-44
116,2009-09,9287371041.357389,8980361533.33333,Age 45-64
117,2009-10,2156544535.43979,1946821637.87879,Age 65 and older
117,2009-10,3538904028.99866,3491626769.19192,Younger than 30
117,2009-10,7973611217.73623,7729412469.19192,Age 30-44
117,2009-10,9650225188.78618,9168831873.232321,Age 45-64
118,2009-11,2280919702.06535,1890017538.38384,Age 65 and older
118,2009-11,3680806359.41382,3290080829.29293,Younger than 30
118,2009-11,8422766592.83744,7511705361.11111,Age 30-44
118,2009-11,9745485277.50939,8622254003.0303,Age 45-64
119,2009-12,10035961849.4047,9954832859.09091,Age 45-64
119,2009-12,2366764889.07613,2158117806.56566,Age 65 and older
119,2009-12,3963113515.73865,3670209960.60606,Younger than 30
119,2009-12,8441148193.68163,8195952362.62626,Age 30-44
120,2010-01,2284785246.17134,2085152643.93939,Age 65 and older
120,2010-01,3733387098.31275,3025616286.86869,Younger than 30
120,2010-01,8459316527.42579,7371455953.53536,Age 30-44
120,2010-01,9817609581.31286,8608392022.222219,Age 45-64
121,2010-02,2162781031.18056,2044128915.65657,Age 65 and older
121,2010-02,3806008502.37011,3450119474.24243,Younger than 30
121,2010-02,8366513467.24286,7811054790.40405,Age 30-44
121,2010-02,9704349788.45315,8962227389.39394,Age 45-64
122,2010-03,11610258692.9856,12843514109.596,Age 45-64
122,2010-03,2499431893.74214,2889976747.9798,Age 65 and older
122,2010-03,4054224134.74198,4508098339.39394,Younger than 30
122,2010-03,9633356780.395309,10786520368.6869,Age 30-44
123,2010-04,11502015839.391,11652299737.8788,Age 45-64
123,2010-04,2648900290.28587,2858821208.58586,Age 65 and older
123,2010-04,4073389850.88923,4199758189.89899,Younger than 30
123,2010-04,9149648008.31518,9546514581.313129,Age 30-44
124,2010-05,11200405657.5286,11988102152.0202,Age 45-64
124,2010-05,2608699761.68402,2803547946.9697,Age 65 and older
124,2010-05,4188404378.74111,4483076385.35354,Younger than 30
124,2010-05,9513417891.27836,10127054594.9495,Age 30-44
125,2010-06,11380813195.1183,11865240002.0202,Age 45-64
125,2010-06,2704176048.66586,2872273933.33333,Age 65 and older
125,2010-06,4257367731.10684,4519288234.84849,Younger than 30
125,2010-06,9768862783.228189,10111179798.9899,Age 30-44
126,2010-07,11849825371.4433,12749087052.5253,Age 45-64
126,2010-07,2749934219.23942,2928842161.61616,Age 65 and older
126,2010-07,4320343537.11694,4776839604.54546,Younger than 30
126,2010-07,9998186776.10306,10757960400,Age 30-44
127,2010-08,10026020447.5621,10547260516.1616,Age 30-44
127,2010-08,11610010710.8519,12578749718.6869,Age 45-64
127,2010-08,2722485561.15116,2902024027.27273,Age 65 and older
127,2010-08,4452166556.3423,4849239246.46465,Younger than 30
128,2010-09,10131732418.3231,9717123122.72727,Age 30-44
128,2010-09,12054884531.5522,11714269526.2626,Age 45-64
128,2010-09,2757812210.60677,2692861149.49495,Age 65 and older
128,2010-09,4605265417.7852,4567127486.36364,Younger than 30
129,2010-10,10418483581.5994,9887253901.010099,Age 30-44
129,2010-10,12076888526.9607,11454880588.3839,Age 45-64
129,2010-10,2941664919.93933,2639216529.79798,Age 65 and older
129,2010-10,4709042290.92428,4530464970.70707,Younger than 30
130,2010-11,10224439261.1004,9399650507.070709,Age 30-44
130,2010-11,12414441910.4218,11133262092.4242,Age 45-64
130,2010-11,2943583112.9577,2516325839.89899,Age 65 and older
130,2010-11,4595433943.05799,4254585102.0202,Younger than 30
131,2010-12,10461284526.9225,10289148292.4243,Age 30-44
131,2010-12,12419694631.2743,12449928821.7172,Age 45-64
131,2010-12,2808099058.90138,2599693146.46465,Age 65 and older
131,2010-12,4807143694.3386,4494426674.24243,Younger than 30
132,2011-01,10542869862.4105,9147642414.14142,Age 30-44
132,2011-01,12392555820.8611,10888826006.5657,Age 45-64
132,2011-01,3032379738.70466,2773855313.13131,Age 65 and older
132,2011-01,4719144569.14398,3809800907.57576,Younger than 30
133,2011-02,10934825405.4771,10224999480.303,Age 30-44
133,2011-02,12832838625.6352,11758310351.5152,Age 45-64
133,2011-02,2913689923.21721,2749810035.35354,Age 65 and older
133,2011-02,4968709748.94434,4552032858.58586,Younger than 30
134,2011-03,11112090757.0597,12327540102.0202,Age 30-44
134,2011-03,12791598163.1412,14138380866.6667,Age 45-64
134,2011-03,2876496584.2985,3297634871.71717,Age 65 and older
134,2011-03,4879094733.87406,5424537675.25252,Younger than 30
135,2011-04,11021126323.8975,11551210415.6566,Age 30-44
135,2011-04,12752221886.3176,12913567451.5152,Age 45-64
135,2011-04,2886072738.11157,3043575126.76768,Age 65 and older
135,2011-04,4865707782.91444,5052510410.60606,Younger than 30
136,2011-05,11038429897.909,11722804423.7374,Age 30-44
136,2011-05,12324312926.4798,13135668455.0505,Age 45-64
136,2011-05,2895678316.44577,3155947035.35354,Age 65 and older
136,2011-05,4812432279.33502,5102267135.35354,Younger than 30
137,2011-06,11077654171.6919,11325428144.9495,Age 30-44
137,2011-06,12546959282.7281,12982832691.9192,Age 45-64
137,2011-06,2901018930.18079,3046139167.17172,Age 65 and older
137,2011-06,4884276112.43287,5115938869.69697,Younger than 30
138,2011-07,11178024501.834,11819901342.9293,Age 30-44
138,2011-07,12714691033.5223,13647441378.7879,Age 45-64
138,2011-07,2884731412.17258,2991194669.69697,Age 65 and older
138,2011-07,4964330461.74858,5331923700,Younger than 30
139,2011-08,11441983243.4659,12334265840.404,Age 30-44
139,2011-08,12936404906.0873,14038129999.495,Age 45-64
139,2011-08,2935610386.63885,3211901623.23233,Age 65 and older
139,2011-08,4984465689.71734,5545093245.9596,Younger than 30
140,2011-09,11826835669.8982,11536510087.8788,Age 30-44
140,2011-09,13441781507.7302,13127502793.4343,Age 45-64
140,2011-09,3138867579.00002,3068639311.61616,Age 65 and older
140,2011-09,5328902397.2305,5329818192.92929,Younger than 30
141,2011-10,12031342881.5374,11308962009.596,Age 30-44
141,2011-10,13767676561.2341,13041994293.4343,Age 45-64
141,2011-10,3419102238.67524,3111369258.58586,Age 65 and older
141,2011-10,5310750794.22654,5106776512.12121,Younger than 30
142,2011-11,12046708052.5683,11066902790.4041,Age 30-44
142,2011-11,13852284076.794,12570805228.2828,Age 45-64
142,2011-11,3260480237.20312,2823955410.60606,Age 65 and older
142,2011-11,5619698137.37233,5190300663.63636,Younger than 30
143,2011-12,12499104529.9185,12270736357.5758,Age 30-44
143,2011-12,14247872726.8169,14339902410.6061,Age 45-64
143,2011-12,3477263990.83818,3186841534.84849,Age 65 and older
143,2011-12,5418846956.03015,5138675097.9798,Younger than 30
144,2012-01,11930290792.2338,10340423112.6263,Age 30-44
144,2012-01,13601781726.2022,11965687607.0707,Age 45-64
144,2012-01,3472181308.66424,3239369485.35354,Age 65 and older
144,2012-01,5551610495.19941,4457904767.17172,Younger than 30
145,2012-02,12723507747.3681,12333568346.4646,Age 30-44
145,2012-02,14522444944.6347,13189687099.4949,Age 45-64
145,2012-02,3580597063.91552,3508210704.0404,Age 65 and older
145,2012-02,5697988973.60982,5455467357.57576,Younger than 30
146,2012-03,12386020115.9156,13931942660.101,Age 30-44
146,2012-03,14317862277.781,15773574369.1919,Age 45-64
146,2012-03,3567143419.7255,3974761311.11111,Age 65 and older
146,2012-03,5663640584.35348,6414933769.69697,Younger than 30
147,2012-04,12866513885.1183,13059978903.5354,Age 30-44
147,2012-04,14361170002.3752,14515197272.7273,Age 45-64
147,2012-04,3474598718.09831,3629189666.16162,Age 65 and older
147,2012-04,5754100299.94264,5746098015.65657,Younger than 30
148,2012-05,13005988012.733,13964165628.2828,Age 30-44
148,2012-05,14653223476.5159,15608571994.9495,Age 45-64
148,2012-05,3616139398.13154,4000730083.83838,Age 65 and older
148,2012-05,5672502594.57831,6095322576.26263,Younger than 30
149,2012-06,12685074142.9374,13143996254.0404,Age 30-44
149,2012-06,14729225355.4733,15170773458.0808,Age 45-64
149,2012-06,3618470993.10385,3687199189.39394,Age 65 and older
149,2012-06,5596448887.55806,5922404378.28283,Younger than 30
150,2012-07,12641357557.0532,13307039349.495,Age 30-44
150,2012-07,14520985174.0409,15556559958.0808,Age 45-64
150,2012-07,3594456378.61066,3778914958.08081,Age 65 and older
150,2012-07,5867856428.82237,6248133473.23232,Younger than 30
151,2012-08,12813654175.3101,13875187668.1818,Age 30-44
151,2012-08,14845039575.7955,16188584889.394,Age 45-64
151,2012-08,3797838134.03749,4194917058.58586,Age 65 and older
151,2012-08,5968773283.19392,6587006269.69697,Younger than 30
152,2012-09,13086517659.6518,12486674662.6263,Age 30-44
152,2012-09,14726104823.6131,14474183215.6566,Age 45-64
152,2012-09,3690597897.88998,3509680924.24242,Age 65 and older
152,2012-09,5864477320.55013,5720113807.07071,Younger than 30
153,2012-10,12824018483.6354,12270199706.0606,Age 30-44
153,2012-10,14951237060.1506,14169524316.1616,Age 45-64
153,2012-10,3852591425.25842,3688383711.11111,Age 65 and older
153,2012-10,5918157715.60777,5819474869.19192,Younger than 30
154,2012-11,13276608696.4179,12345982005.0505,Age 30-44
154,2012-11,15259226992.8674,13954972688.3838,Age 45-64
154,2012-11,4136307842.93837,3619217213.13131,Age 65 and older
154,2012-11,6038015317.56019,5653721950.50505,Younger than 30
155,2012-12,13249380841.9231,12647200402.0202,Age 30-44
155,2012-12,15427364041.5628,15515552176.2626,Age 45-64
155,2012-12,4050862342.09852,3674294581.81818,Age 65 and older
155,2012-12,6142975675.97073,5684192623.23232,Younger than 30
156,2013-01,13590222713.3982,11884005876.7677,Age 30-44
156,2013-01,15756988092.7686,13871320835.3535,Age 45-64
156,2013-01,4039271687.12988,3807867788.38384,Age 65 and older
156,2013-01,6247612445.91006,5101867097.9798,Younger than 30
157,2013-02,13522831039.9063,12612099642.9293,Age 30-44
157,2013-02,15488823571.7915,13950972560.6061,Age 45-64
157,2013-02,4039278110.61934,3776773353.53535,Age 65 and older
157,2013-02,6178476955.95603,5753267121.71717,Younger than 30
158,2013-03,13524705830.3812,14938558685.8586,Age 30-44
158,2013-03,15076247710.8503,16510604043.4343,Age 45-64
158,2013-03,4074171310.74897,4420534163.63636,Age 65 and older
158,2013-03,6238460849.67364,6900300656.56566,Younger than 30
159,2013-04,13866328812.5987,14374540289.899,Age 30-44
159,2013-04,16284791070.6114,16442183443.9394,Age 45-64
159,2013-04,4330611773.93866,4566330485.85859,Age 65 and older
159,2013-04,6341130389.88537,6503382445.9596,Younger than 30
160,2013-05,13883711400.3455,15080536582.8283,Age 30-44
160,2013-05,16655348809.4558,17774445477.7778,Age 45-64
160,2013-05,4445255985.49557,4900334391.91919,Age 65 and older
160,2013-05,6497481136.47265,6999354751.0101,Younger than 30
161,2013-06,14481642659.0665,14468083408.0808,Age 30-44
161,2013-06,16617181685.7216,17058243620.202,Age 45-64
161,2013-06,4389019843.39603,4367230822.72727,Age 65 and older
161,2013-06,6537720282.18221,6643332809.09091,Younger than 30
162,2013-07,14186753035.9236,15286928679.798,Age 30-44
162,2013-07,16758011455.6717,17917352534.3434,Age 45-64
162,2013-07,4629363781.23411,4927978703.53536,Age 65 and older
162,2013-07,6577213392.89992,7163319246.46465,Younger than 30
163,2013-08,14095047566.8822,15344398749.4949,Age 30-44
163,2013-08,16827294477.8291,18466743230.303,Age 45-64
163,2013-08,4600086562.29095,5050150008.58586,Age 65 and older
163,2013-08,6575894237.16486,7320974109.59596,Younger than 30
164,2013-09,13877540258.1923,13401162448.9899,Age 30-44
164,2013-09,15950900640.3447,15761500472.7273,Age 45-64
164,2013-09,4562954173.32064,4469577261.11112,Age 65 and older
164,2013-09,6513857254.87348,6336937580.80808,Younger than 30
165,2013-10,14138519487.9461,13356236126.7677,Age 30-44
165,2013-10,16332843403.746,15512898914.6465,Age 45-64
165,2013-10,4595181942.45038,4444520051.51515,Age 65 and older
165,2013-10,6679859737.32209,6521576834.84848,Younger than 30
166,2013-11,14263776783.6195,13392398228.7879,Age 30-44
166,2013-11,16965821703.3824,15578658056.5657,Age 45-64
166,2013-11,4671392786.5535,4042191526.26263,Age 65 and older
166,2013-11,6816199813.99341,6500719948.48485,Younger than 30
167,2013-12,14152317761.3251,13457833627.2727,Age 30-44
167,2013-12,16400275565.2115,16501101082.3232,Age 45-64
167,2013-12,4549135758.06602,4224884826.76768,Age 65 and older
167,2013-12,6779787724.11819,6261999265.65657,Younger than 30
168,2014-01,14319878806.7363,12660790380.303,Age 30-44
168,2014-01,16607373567.1264,14638776179.798,Age 45-64
168,2014-01,4614999940.11801,4319640254.54546,Age 65 and older
168,2014-01,6852558632.93881,5629152478.28283,Younger than 30
169,2014-02,14507618803.4894,13456832018.1818,Age 30-44
169,2014-02,16693359304.9175,14936685767.1717,Age 45-64
169,2014-02,4426514047.74654,4108213046.9697,Age 65 and older
169,2014-02,6956548660.62185,6479120204.54546,Younger than 30
170,2014-03,14994791276.167,16442614197.9798,Age 30-44
170,2014-03,17290449505.6516,18779580534.3434,Age 45-64
170,2014-03,5047711409.78961,5433947307.57576,Age 65 and older
170,2014-03,7098245889.27003,7828767206.0606,Younger than 30
171,2014-04,14859888672.8601,15238682942.9293,Age 30-44
171,2014-04,17436475108.1994,17536516651.0101,Age 45-64
171,2014-04,4935005807.71611,5161693968.18182,Age 65 and older
171,2014-04,6902457540.90015,7001360795.45455,Younger than 30
172,2014-05,15152477691.1677,16481712627.2727,Age 30-44
172,2014-05,18072259556.0806,19325114073.2323,Age 45-64
172,2014-05,4901118951.7227,5282057420.70707,Age 65 and older
172,2014-05,7025692374.82529,7645739412.62627,Younger than 30
173,2014-06,15145897506.4106,15210945717.6768,Age 30-44
173,2014-06,17422066243.6158,17890795219.697,Age 45-64
173,2014-06,4889934709.44133,4942340273.23233,Age 65 and older
173,2014-06,7010300584.36376,7083457706.56566,Younger than 30
174,2014-07,15364295158.1032,16421098368.6869,Age 30-44
174,2014-07,17835106229.9912,19043860822.7273,Age 45-64
174,2014-07,4945953994.03146,5265936145.95959,Age 65 and older
174,2014-07,7032360801.33026,7584522701.0101,Younger than 30
175,2014-08,15514940947.1546,16621250874.2424,Age 30-44
175,2014-08,17792190399.0139,19601984865.1515,Age 45-64
175,2014-08,5070044190.262,5497200621.71717,Age 65 and older
175,2014-08,7496148920.13536,8120856345.9596,Younger than 30
176,2014-09,15302554151.574,15191062618.1818,Age 30-44
176,2014-09,17843085472.9679,17719170154.0404,Age 45-64
176,2014-09,5073218443.71329,5119510346.46465,Age 65 and older
176,2014-09,7219431097.02676,7238786408.58586,Younger than 30
177,2014-10,15402427174.0968,14715893066.1616,Age 30-44
177,2014-10,18069884269.5366,17177857332.8283,Age 45-64
177,2014-10,5006944981.91872,4875190447.47475,Age 65 and older
177,2014-10,7287428187.16799,7159618498.48485,Younger than 30
178,2014-11,15585747778.8015,14198380371.2121,Age 30-44
178,2014-11,17678728461.0796,16301015585.8586,Age 45-64
178,2014-11,4949180292.11937,4236021423.73738,Age 65 and older
178,2014-11,7281608504.87457,6776091368.68687,Younger than 30
179,2014-12,15427586501.166,15006778251.5152,Age 30-44
179,2014-12,17988840349.8606,18147806017.1717,Age 45-64
179,2014-12,5037083070.62707,4795381485.35354,Age 65 and older
179,2014-12,7381403232.12804,7007490136.86869,Younger than 30
180,2015-01,15636771505.4882,13844054439.899,Age 30-44
180,2015-01,18791933184.4242,16593008949.495,Age 45-64
180,2015-01,5220662869.06279,4751958513.13131,Age 65 and older
180,2015-01,7390134208.72174,6136489179.29293,Younger than 30
181,2015-02,15895454542.187,14663718376.7677,Age 30-44
181,2015-02,17322506883.552,15429011558.0808,Age 45-64
181,2015-02,4897144547.20844,4510828731.81818,Age 65 and older
181,2015-02,7654609721.72975,7095747066.16162,Younger than 30
182,2015-03,16193204369.5758,17736027200,Age 30-44
182,2015-03,18534762773.1212,20018399803.0303,Age 45-64
182,2015-03,5313309481.36878,5800679291.91919,Age 65 and older
182,2015-03,7683200294.86663,8428799009.59596,Younger than 30
183,2015-04,16122032419.4397,16349887815.6566,Age 30-44
183,2015-04,18877818294.0063,18880334750.5051,Age 45-64
183,2015-04,5243992915.70987,5458551421.71717,Age 65 and older
183,2015-04,7826608402.92266,7876959556.56566,Younger than 30
184,2015-05,16326134194.5247,17434319809.0909,Age 30-44
184,2015-05,18918032389.5784,20241756573.2323,Age 45-64
184,2015-05,5351666162.80153,5644908330.80808,Age 65 and older
184,2015-05,7888925510.55344,8384534557.57576,Younger than 30
185,2015-06,16708666587.7598,17188107689.3939,Age 30-44
185,2015-06,19577331713.6789,20084883081.8182,Age 45-64
185,2015-06,5616781681.70186,5775224204.04041,Age 65 and older
185,2015-06,7879750420.60963,8182294780.30303,Younger than 30
186,2015-07,16697228892.2365,18044931956.0606,Age 30-44
186,2015-07,19519077040.2144,20813117328.2828,Age 45-64
186,2015-07,5610406390.06803,5970720208.08081,Age 65 and older
186,2015-07,8038786472.18617,8672763386.36364,Younger than 30
187,2015-08,16842202274.079,17904906712.6263,Age 30-44
187,2015-08,19646982088.0386,21665171721.2121,Age 45-64
187,2015-08,5623156300.0377,6099808236.86869,Age 65 and older
187,2015-08,7955421986.66969,8591110175.252529,Younger than 30
188,2015-09,16918621462.8717,16747429832.8283,Age 30-44
188,2015-09,19853113735.2257,19757246261.6162,Age 45-64
188,2015-09,5696226127.40635,5781600761.11111,Age 65 and older
188,2015-09,8056667569.40429,8023593855.0505,Younger than 30
189,2015-10,16443377129.3607,15801000313.6364,Age 30-44
189,2015-10,19736771343.0411,18811094714.6465,Age 45-64
189,2015-10,5597062155.88331,5387098267.67677,Age 65 and older
189,2015-10,7912640818.66984,7879585020.20202,Younger than 30
190,2015-11,16586264635.8321,15245982703.0303,Age 30-44
190,2015-11,19398508244.0912,17972391158.5859,Age 45-64
190,2015-11,5654917977.38385,4958934015.15152,Age 65 and older
190,2015-11,7878310654.19036,7377481476.26262,Younger than 30
191,2015-12,16562972878.7459,16016212215.1515,Age 30-44
191,2015-12,19362004014.0358,19650065978.2828,Age 45-64
191,2015-12,5174588273.34817,4961411379.29293,Age 65 and older
191,2015-12,7837589743.29708,7412112238.88889,Younger than 30
192,2016-01,16721120375.7972,14523065054.0404,Age 30-44
192,2016-01,19535825807.0783,17278245526.7677,Age 45-64
192,2016-01,5363905118.4825,4779174092.92929,Age 65 and older
192,2016-01,7961618687.46627,6450376632.82828,Younger than 30
193,2016-02,17340079562.318,16591680710.101,Age 30-44
193,2016-02,20680477589.6451,18388276686.8687,Age 45-64
193,2016-02,5649638499.50794,5373981194.44444,Age 65 and older
193,2016-02,8216001443.64468,7890845998.9899,Younger than 30
194,2016-03,16284548647.4091,18066095993.4344,Age 30-44
194,2016-03,19067634006.018,20505639632.8283,Age 45-64
194,2016-03,5490207773.59043,6100486224.74748,Age 65 and older
194,2016-03,7793951939.54107,8695188184.343439,Younger than 30
195,2016-04,16698105401.3637,17155820025.2525,Age 30-44
195,2016-04,20018563897.6381,19910363157.0707,Age 45-64
195,2016-04,5781014948.04504,5886556875.25253,Age 65 and older
195,2016-04,7885173070.71639,8075086821.71717,Younger than 30
196,2016-05,16374975851.3296,17365476379.2929,Age 30-44
196,2016-05,19667809001.6768,21034474609.596,Age 45-64
196,2016-05,5781759746.50345,6204741287.87879,Age 65 and older
196,2016-05,7719789770.19504,8154963426.26263,Younger than 30
197,2016-06,16749889797.2894,17023095778.2828,Age 30-44
197,2016-06,19688119430.4335,20189355582.8283,Age 45-64
197,2016-06,5910112157.8032,6074085164.14142,Age 65 and older
197,2016-06,8158150585.23588,8339684135.85859,Younger than 30
198,2016-07,16937411646.9742,17941807588.8889,Age 30-44
198,2016-07,20046187297.9329,21338888999.495,Age 45-64
198,2016-07,5836647074.21043,5980151478.28283,Age 65 and older
198,2016-07,8032758466.94063,8499597937.37374,Younger than 30
199,2016-08,16937973383.4312,18327788442.9293,Age 30-44
199,2016-08,20642487237.808,22697497606.5657,Age 45-64
199,2016-08,6014314873.33471,6735574923.73738,Age 65 and older
199,2016-08,8078436090.12927,8870753379.797979,Younger than 30
200,2016-09,17160686593.9173,17144496686.8687,Age 30-44
200,2016-09,20710085326.0508,20586648811.6162,Age 45-64
200,2016-09,6102810915.61972,6188965324.24242,Age 65 and older
200,2016-09,7954582328.64442,7983435900.50505,Younger than 30
201,2016-10,16935685261.4638,15968772346.4647,Age 30-44
201,2016-10,20382087203.0746,19479389195.4546,Age 45-64
201,2016-10,6090257836.57165,5782148052.52525,Age 65 and older
201,2016-10,7934179650.50124,7731335725.25253,Younger than 30
202,2016-11,16644240755.1814,15639545550,Age 30-44
202,2016-11,20398951233.0031,19021118277.7778,Age 45-64
202,2016-11,6110795127.99062,5482946048.9899,Age 65 and older
202,2016-11,8043668395.46518,7752299412.62627,Younger than 30
203,2016-12,17387566870.4646,17171558195.4546,Age 30-44
203,2016-12,20800202087.4161,21208681845.4546,Age 45-64
203,2016-12,6175899513.37409,5861644880.80808,Age 65 and older
203,2016-12,8142911476.13166,7842776002.52525,Younger than 30
204,2017-01,16857231623.7418,14530881962.1212,Age 30-44
204,2017-01,20127765802.8364,17829086608.5859,Age 45-64
204,2017-01,6042627075.65672,5499097508.58586,Age 65 and older
204,2017-01,7900593401.65057,6373906209.59596,Younger than 30
205,2017-02,16463670592.334,15045835842.4242,Age 30-44
205,2017-02,20607714571.7722,18345144572.2222,Age 45-64
205,2017-02,6118118509.28792,5561378925.75758,Age 65 and older
205,2017-02,7620802901.21865,6963108112.62627,Younger than 30
206,2017-03,16394119230.5681,18422407863.6364,Age 30-44
206,2017-03,19953945646.9696,21486480662.6263,Age 45-64
206,2017-03,6001965044.67003,6684949468.68687,Age 65 and older
206,2017-03,7829835659.90594,8785336386.86869,Younger than 30
207,2017-04,16502146603.0108,16300634613.6364,Age 30-44
207,2017-04,19787728100.1059,19588995538.8889,Age 45-64
207,2017-04,5676686758.85795,5660752581.81818,Age 65 and older
207,2017-04,7862142605.96518,7757918409.09091,Younger than 30
208,2017-05,16666638313.2905,18043440452.5253,Age 30-44
208,2017-05,20113269559.0715,21468363481.8182,Age 45-64
208,2017-05,5993084298.80132,6556477193.43434,Age 65 and older
208,2017-05,7669864993.67335,8279262276.26263,Younger than 30
209,2017-06,16242232415.7577,16740181845.9596,Age 30-44
209,2017-06,20199111980.4611,20733205664.1414,Age 45-64
209,2017-06,5986069503.88201,6155870600,Age 65 and older
209,2017-06,7597641866.4845,7859856629.79798,Younger than 30
210,2017-07,16530081446.7611,17293811392.4242,Age 30-44
210,2017-07,19994256401.1177,21221441772.7273,Age 45-64
210,2017-07,6115679580.8583,6239847844.94949,Age 65 and older
210,2017-07,7710946457.13669,8113359483.83838,Younger than 30
211,2017-08,15836098870.1386,16834520578.2828,Age 30-44
211,2017-08,19429013571.8157,21246064045.9596,Age 45-64
211,2017-08,5989140535.19797,6672541811.11111,Age 65 and older
211,2017-08,7601452667.29723,8252029775.25253,Younger than 30
212,2017-09,16286288302.6977,16407451422.2222,Age 30-44
212,2017-09,20250569283.9084,20073447332.8283,Age 45-64
212,2017-09,6256465362.26151,6189834548.9899,Age 65 and older
212,2017-09,7810043669.77042,7930045357.07071,Younger than 30
213,2017-10,16852266863.4778,15985280858.0808,Age 30-44
213,2017-10,20151236718.4692,19314480497.4748,Age 45-64
213,2017-10,6339284775.60288,6138244910.10101,Age 65 and older
213,2017-10,7979446579.67966,7771273640.90909,Younger than 30
214,2017-11,17345746516.9161,16268376247.9798,Age 30-44
214,2017-11,21029264265.9367,19679629226.2626,Age 45-64
214,2017-11,6357618390.36872,5701772220.20202,Age 65 and older
214,2017-11,7888597680.81429,7590946597.47475,Younger than 30
215,2017-12,16897963292.0005,16523884487.8788,Age 30-44
215,2017-12,20802822956.8452,21254585692.9293,Age 45-64
215,2017-12,6394733068.14657,5996042633.33333,Age 65 and older
215,2017-12,7932424688.49712,7491425767.17172,Younger than 30
216,2018-01,16844025687.9649,14842598183.8384,Age 30-44
216,2018-01,21034114841.5383,18626695662.6263,Age 45-64
216,2018-01,6285339435.82398,5869619579.79798,Age 65 and older
216,2018-01,7858702247.05216,6518202554.54546,Younger than 30
217,2018-02,17295569222.7639,15726409467.1717,Age 30-44
217,2018-02,20369540448.1453,18169528602.0202,Age 45-64
217,2018-02,6218888943.88813,5638194404.04041,Age 65 and older
217,2018-02,7876940333.43385,7130073851.0101,Younger than 30
218,2018-03,16959945784.8668,19109988240.404,Age 30-44
218,2018-03,20495440529.6844,22201722156.0606,Age 45-64
218,2018-03,6224367565.24301,6833243072.22222,Age 65 and older
218,2018-03,7877939458.03874,8937246502.525261,Younger than 30
219,2018-04,16939344896.0242,16802154459.596,Age 30-44
219,2018-04,19977051562.5835,19789432538.3838,Age 45-64
219,2018-04,6081272992.07228,6206066873.23232,Age 65 and older
219,2018-04,7996837873.42781,7879245918.68687,Younger than 30
220,2018-05,17409036412.401,18637256607.5758,Age 30-44
220,2018-05,20656312659.0992,22027235368.1818,Age 45-64
220,2018-05,6287336081.01413,6897149945.45455,Age 65 and older
220,2018-05,8155958054.88162,8699858044.94949,Younger than 30
221,2018-06,17255514099.1214,17961780109.596,Age 30-44
221,2018-06,20385457503.2608,21011472702.5253,Age 45-64
221,2018-06,6147324331.59084,6225167926.76768,Age 65 and older
221,2018-06,8035792827.29169,8443857228.28283,Younger than 30
222,2018-07,17078390077.0385,17751758956.5657,Age 30-44
222,2018-07,20447272152.1097,21671420712.6263,Age 45-64
222,2018-07,6313400084.39216,6535483447.9798,Age 65 and older
222,2018-07,8001054797.62753,8359105456.56566,Younger than 30
223,2018-08,17073174000.1474,18212407137.3737,Age 30-44
223,2018-08,21053158495.8366,22769084135.8586,Age 45-64
223,2018-08,6309701799.87209,6963050694.94949,Age 65 and older
223,2018-08,8189900866.30966,8883425528.282829,Younger than 30
224,2018-09,17463368725.2551,16970368982.3232,Age 30-44
224,2018-09,20410948913.6293,20135847229.798,Age 45-64
224,2018-09,6254209313.11579,6003850349.49495,Age 65 and older
224,2018-09,8090824399.43868,7934932453.0303,Younger than 30
225,2018-10,17490432335.738,17043605734.3434,Age 30-44
225,2018-10,21149853897.1247,20277844924.7475,Age 45-64
225,2018-10,6369682743.49106,6267518696.9697,Age 65 and older
225,2018-10,8090738549.11255,8096787439.89898,Younger than 30
226,2018-11,17710383930.2244,16854302424.7475,Age 30-44
226,2018-11,21641547386.2287,20301990772.7273,Age 45-64
226,2018-11,6419538065.90063,5743021475.25253,Age 65 and older
226,2018-11,8201553861.27695,7976651442.9293,Younger than 30
227,2018-12,17834629807.382,17416601946.9697,Age 30-44
227,2018-12,21422560930.5678,21763308077.7778,Age 45-64
227,2018-12,6558165462.95693,6140611890.40404,Age 65 and older
227,2018-12,8135954771.99266,7709608911.11111,Younger than 30
228,2019-01,17387895514.204,15170928781.8182,Age 30-44
228,2019-01,20852866074.8063,18485556536.3636,Age 45-64
228,2019-01,6341355659.76783,5995230407.57576,Age 65 and older
228,2019-01,8231930138.38422,6803267896.46465,Younger than 30
229,2019-02,17349740068.0408,15742925573.2323,Age 30-44
229,2019-02,20487340731.326,18366067896.9697,Age 45-64
229,2019-02,6306325037.39276,5742286114.64646,Age 65 and older
229,2019-02,8224013288.66469,7380815405.55556,Younger than 30
230,2019-03,18024328281.0612,19999793478.7879,Age 30-44
230,2019-03,20517125807.9846,22464887578.7879,Age 45-64
230,2019-03,6641013275.03086,7196851575.25253,Age 65 and older
230,2019-03,8482268454.4095,9394672461.616159,Younger than 30
231,2019-04,17966362957.5841,18239994751.5151,Age 30-44
231,2019-04,21293416488.6257,21244846115.6566,Age 45-64
231,2019-04,6595340322.696,6925541338.88889,Age 65 and older
231,2019-04,8189225894.13388,8325735098.9899,Younger than 30
232,2019-05,17877089893.2859,19349815629.798,Age 30-44
232,2019-05,21790343306.4902,23163473142.4243,Age 45-64
232,2019-05,6745217038.22733,7402216281.31313,Age 65 and older
232,2019-05,8386734818.01922,8958190646.464649,Younger than 30
233,2019-06,17710618859.0784,17941242019.697,Age 30-44
233,2019-06,21246375620.3959,21996606911.1111,Age 45-64
233,2019-06,6499974492.11595,6496614763.63637,Age 65 and older
233,2019-06,8122390714.61623,8311396400,Younger than 30
234,2019-07,18216013672.2113,19204485515.6566,Age 30-44
234,2019-07,22143181980.5191,23371639352.0202,Age 45-64
234,2019-07,6795595963.40789,7115037254.0404,Age 65 and older
234,2019-07,8461281561.78588,9034108742.929291,Younger than 30
235,2019-08,18693070559.7489,19827742618.6869,Age 30-44
235,2019-08,22319063887.2867,23879537984.3434,Age 45-64
235,2019-08,7070395065.455,7588300918.18181,Age 65 and older
235,2019-08,8700773092.860371,9500240584.34343,Younger than 30
236,2019-09,18403961369.5497,17973739959.596,Age 30-44
236,2019-09,21814049784.9134,21477039625.2525,Age 45-64
236,2019-09,6811103877.94388,6576057248.9899,Age 65 and older
236,2019-09,8701960570.70937,8515963028.28283,Younger than 30
237,2019-10,18282446262.8871,17694626176.7677,Age 30-44
237,2019-10,22179157625.5715,21297955503.5354,Age 45-64
237,2019-10,7000935652.68518,6867783222.22222,Age 65 and older
237,2019-10,8667717882.51474,8612610184.34343,Younger than 30
238,2019-11,19155529463.8541,18286932559.0909,Age 30-44
238,2019-11,22803071617.7037,21287018837.3737,Age 45-64
238,2019-11,7097585518.41512,6202884564.14142,Age 65 and older
238,2019-11,8942918524.517799,8742544266.161619,Younger than 30
239,2019-12,18847745018.2778,18433916453.0303,Age 30-44
239,2019-12,22306864504.2362,22451499688.8889,Age 45-64
239,2019-12,7121652881.44722,6757831802.52525,Age 65 and older
239,2019-12,8776968561.917891,8310446760.10101,Younger than 30
240,2020-01,18767094862.4496,16567597192.9293,Age 30-44
240,2020-01,22476714814.0238,19970756962.6263,Age 45-64
240,2020-01,7211705165.27847,6894025640.90909,Age 65 and older
240,2020-01,8464588093.05079,7071559928.78788,Younger than 30
241,2020-02,18662292890.1112,17574786979.798,Age 30-44
241,2020-02,22682590811.7759,20487033397.4748,Age 45-64
241,2020-02,6899525848.72095,6486452122.72727,Age 65 and older
241,2020-02,8844169843.84692,8230562722.22223,Younger than 30
242,2020-03,14379183636.5172,15883613914.1414,Age 30-44
242,2020-03,15923663820.9972,17576697319.697,Age 45-64
242,2020-03,4848619443.67201,5370769676.26263,Age 65 and older
242,2020-03,7029140679.54719,7735773405.0505,Younger than 30
243,2020-04,13825102588.6924,13909359011.1111,Age 30-44
243,2020-04,15225924377.8436,15346776162.6263,Age 45-64
243,2020-04,3952758479.95929,4202980856.56566,Age 65 and older
243,2020-04,6802717783.09889,6849671131.81818,Younger than 30
244,2020-05,18490144390.4658,19686140642.4243,Age 30-44
244,2020-05,21061458180.5434,22375647041.4142,Age 45-64
244,2020-05,6108985205.88593,6458968960.10101,Age 65 and older
244,2020-05,9393352773.013491,9865893163.63636,Younger than 30
245,2020-06,19630572292.4618,20599604589.3939,Age 30-44
245,2020-06,22791579536.6254,23698371230.303,Age 45-64
245,2020-06,6872078100.83023,7172757372.72728,Age 65 and older
245,2020-06,9624232484.666981,10202609242.4243,Younger than 30
246,2020-07,19740149813.9138,20671012508.5859,Age 30-44
246,2020-07,22159889297.8118,23280555389.3939,Age 45-64
246,2020-07,6923391205.48371,7203728480.80808,Age 65 and older
246,2020-07,9624680059.517179,10214377809.0909,Younger than 30
247,2020-08,19614930311.3175,20273157760.6061,Age 30-44
247,2020-08,22126289551.2698,23442976187.3737,Age 45-64
247,2020-08,6969294452.9042,7262331436.36364,Age 65 and older
247,2020-08,9331402143.6689,9914488578.282829,Younger than 30
248,2020-09,20289499468.5324,20142192259.0909,Age 30-44
248,2020-09,23398444851.418,23039015884.8485,Age 45-64
248,2020-09,7280978725.95316,7074770459.59596,Age 65 and older
248,2020-09,9549138133.774509,9546265321.71718,Younger than 30
249,2020-10,20841468212.3911,20404166479.2929,Age 30-44
249,2020-10,23606856595.2875,22626203754.0404,Age 45-64
249,2020-10,6974185562.6084,6683011785.35353,Age 65 and older
249,2020-10,9794328013.077221,9849581522.222219,Younger than 30
250,2020-11,20053515079.9887,18509569484.3434,Age 30-44
250,2020-11,22302087620.7965,20661625576.2626,Age 45-64
250,2020-11,6709230763.10709,5848145270.70707,Age 65 and older
250,2020-11,9296734470.77232,8710089055.555559,Younger than 30
251,2020-12,20353398871.2698,20138383363.6364,Age 30-44
251,2020-12,24037777076.5875,23968557076.7677,Age 45-64
251,2020-12,6975993188.27783,6720429210.10101,Age 65 and older
251,2020-12,9382870548.7931,9066684174.747471,Younger than 30
252,2021-01,10021269370.809,8304039246.46465,Younger than 30
252,2021-01,22148826078.6424,19261081554.5455,Age 30-44
252,2021-01,24165423234.3616,21572619376.2626,Age 45-64
252,2021-01,7135676516.77701,6628038367.67677,Age 65 and older
253,2021-02,20373644128.4229,18547138768.6869,Age 30-44
253,2021-02,22541673232.0532,20596450353.5353,Age 45-64
253,2021-02,6449235405.86134,6026615289.89899,Age 65 and older
253,2021-02,9200065427.97418,8172526912.62626,Younger than 30
254,2021-03,11229757758.0373,12616367834.8485,Younger than 30
254,2021-03,24326273280.2356,27505268051.5152,Age 30-44
254,2021-03,26131285405.9815,28987812933.3333,Age 45-64
254,2021-03,8000275593.54432,9035555705.05051,Age 65 and older
255,2021-04,11791651944.4837,12045887157.5758,Younger than 30
255,2021-04,25660098040.8376,26210429308.0808,Age 30-44
255,2021-04,26810945978.9979,27279109956.0606,Age 45-64
255,2021-04,7795094193.24806,8368685169.19192,Age 65 and older
256,2021-05,11567531048.9089,12120423830.303,Younger than 30
256,2021-05,25229209640.3461,26689623860.101,Age 30-44
256,2021-05,26058965145.7606,27663235991.4141,Age 45-64
256,2021-05,7460128419.44059,7856743022.22222,Age 65 and older
257,2021-06,11771039376.4512,12403120296.9697,Younger than 30
257,2021-06,25525663371.1449,26695742533.8384,Age 30-44
257,2021-06,26022326290.6248,27037861093.4343,Age 45-64
257,2021-06,7416796138.1665,7762260997.47475,Age 65 and older
258,2021-07,11505741233.7988,12329343436.3636,Younger than 30
258,2021-07,24935722669.9027,26014727261.6162,Age 30-44
258,2021-07,25741733600.5584,26863595466.1616,Age 45-64
258,2021-07,7007343833.23474,7120485026.26263,Age 65 and older
259,2021-08,11245209094.9545,11905746309.596,Younger than 30
259,2021-08,23772718279.7068,24535965215.6566,Age 30-44
259,2021-08,24398174375.5484,25703039553.5354,Age 45-64
259,2021-08,6692212992.18114,7032998406.56565,Age 65 and older
260,2021-09,11151067051.1667,11083432640.404,Younger than 30
260,2021-09,24052626951.8808,23790100445.9596,Age 30-44
260,2021-09,24474011768.4434,24188607875.7576,Age 45-64
260,2021-09,6622389765.43522,6393446778.78788,Age 65 and older
261,2021-10,11232762287.733,11003496133.3333,Younger than 30
261,2021-10,24337375570.0152,23390162414.1414,Age 30-44
261,2021-10,24968036616.7647,23930754300,Age 45-64
261,2021-10,6619080009.29307,6211344034.34343,Age 65 and older
262,2021-11,11516039840.037,11036059858.0808,Younger than 30
262,2021-11,24664533598.2196,23178647336.8687,Age 30-44
262,2021-11,25673864796.6222,23557558386.8687,Age 45-64
262,2021-11,6659761621.63045,5924557968.18182,Age 65 and older
263,2021-12,11507030487.3802,11222961410.6061,Younger than 30
263,2021-12,24559849429.6409,24609000931.8182,Age 30-44
263,2021-12,24675408165.2757,24529627741.9192,Age 45-64
263,2021-12,6478078451.70225,6248882939.89899,Age 65 and older
264,2022-01,11663679950.9735,9700730784.343451,Younger than 30
264,2022-01,25427885148.0679,21963657110.101,Age 30-44
264,2022-01,25910971267.4824,23166109497.9798,Age 45-64
264,2022-01,7113626452.98118,6595931005.55556,Age 65 and older
265,2022-02,11500354986.8879,10200595133.8384,Younger than 30
265,2022-02,25214722917.4675,23036744921.7172,Age 30-44
265,2022-02,26216061970.1071,24182019790.9091,Age 45-64
265,2022-02,6878501862.68398,6523599261.61616,Age 65 and older
266,2022-03,11650367166.8387,12918586128.7879,Younger than 30
266,2022-03,25482201161.6508,28507550250,Age 30-44
266,2022-03,25843664912.7068,28724218348.4849,Age 45-64
266,2022-03,6800513422.29194,7673921023.23232,Age 65 and older
267,2022-04,11476718719.5105,11914709257.0707,Younger than 30
267,2022-04,24920366916.3831,25724261109.596,Age 30-44
267,2022-04,26635165906.638,27300953091.9192,Age 45-64
267,2022-04,6818879900.93879,7259464747.47475,Age 65 and older
268,2022-05,11326552001.6356,11810389348.9899,Younger than 30
268,2022-05,24784424371.1033,26372444873.2323,Age 45-64
268,2022-05,24878907044.3026,26297884588.3838,Age 30-44
268,2022-05,6472559030.59076,6905239377.77778,Age 65 and older
269,2022-06,11205571386.8969,11703023960.101,Younger than 30
269,2022-06,24676754793.9963,25592340832.3233,Age 30-44
269,2022-06,25477650443.3149,26315593344.4444,Age 45-64
269,2022-06,6676772381.06629,6964225146.9697,Age 65 and older
270,2022-07,10701037488.6132,11191661816.6667,Younger than 30
270,2022-07,23383586446.3345,23921874374.2424,Age 30-44
270,2022-07,24550276007.6475,25519120147.4748,Age 45-64
270,2022-07,6388351246.37062,6357856437.87879,Age 65 and older
271,2022-08,11014980370.8866,11979119140.9091,Younger than 30
271,2022-08,23753847321.1831,25090612560.101,Age 30-44
271,2022-08,25464547546.1947,26701732074.7475,Age 45-64
271,2022-08,6655070807.11189,7059098907.07071,Age 65 and older
272,2022-09,10871083228.903,10897586336.8687,Younger than 30
272,2022-09,23781105830.5896,23804640881.8182,Age 30-44
272,2022-09,25560905590.8299,25289641581.8182,Age 45-64
272,2022-09,6547384821.17987,6309239646.46465,Age 65 and older
273,2022-10,11235047458.9192,10967155247.9798,Younger than 30
273,2022-10,23060929421.5639,21996333918.1818,Age 30-44
273,2022-10,24823136458.3042,23780154826.7677,Age 45-64
273,2022-10,6836570926.66875,6409229307.57576,Age 65 and older
274,2022-11,10235610159.5154,9701163652.525249,Younger than 30
274,2022-11,21775877095.4154,20302222367.6768,Age 30-44
274,2022-11,23647930506.3651,21608678733.8384,Age 45-64
274,2022-11,6686349777.71184,5993328267.67677,Age 65 and older
275,2022-12,21053323537.4837,21181862787.3737,Age 30-44
275,2022-12,23504753733.2499,23440394844.4445,Age 45-64
275,2022-12,6186996819.98243,5886299622.72727,Age 65 and older
275,2022-12,9893446399.830111,9809350463.63636,Younger than 30
276,2023-01,10275625024.0031,8513012827.27273,Younger than 30
276,2023-01,23217874463.5579,19993015510.101,Age 30-44
276,2023-01,25002257747.8931,22418440994.9495,Age 45-64
276,2023-01,7195107294.40817,6760862228.78788,Age 65 and older
277,2023-02,22038128537.2807,20229720773.2323,Age 30-44
277,2023-02,23748388994.6475,22030891751.5151,Age 45-64
277,2023-02,6765591743.37018,6481333797.47475,Age 65 and older
277,2023-02,9930477659.27281,8824581548.484859,Younger than 30
278,2023-03,21128532751.4627,23936756107.5758,Age 30-44
278,2023-03,23204101640.9761,25768278172.7273,Age 45-64
278,2023-03,6543705056.10273,7393493379.29293,Age 65 and older
278,2023-03,9504345400.628361,10545284881.8182,Younger than 30
279,2023-04,21079634150.0369,21074158193.4344,Age 30-44
279,2023-04,22743039025.8595,23408233136.3636,Age 45-64
279,2023-04,6758790837.07093,7091658282.32323,Age 65 and older
279,2023-04,9866114747.36569,9933859157.57576,Younger than 30
280,2023-05,21119604395.2264,22806900497.9798,Age 30-44
280,2023-05,24206388575.6167,25776893582.3232,Age 45-64
280,2023-05,7163720532.19459,7723520124.24243,Age 65 and older
280,2023-05,9805402226.915489,10478005353.5354,Younger than 30
281,2023-06,21356138736.4781,22260423878.2828,Age 30-44
281,2023-06,24309376478.77,24860658238.3838,Age 45-64
281,2023-06,7254025588.47779,7499627411.61617,Age 65 and older
281,2023-06,9864141135.872021,10314263413.1313,Younger than 30
282,2023-07,20896790035.5537,21234189481.3131,Age 30-44
282,2023-07,23783488123.4706,24630192585.3535,Age 45-64
282,2023-07,7442028502.74421,7396975622.22222,Age 65 and older
282,2023-07,9620193574.39628,10044186831.8182,Younger than 30
283,2023-08,21468737626.6661,22445217040.404,Age 30-44
283,2023-08,24042189862.7379,25220998622.7273,Age 45-64
283,2023-08,7250129267.87295,7669917798.9899,Age 65 and older
283,2023-08,9594627349.38954,10390141001.0101,Younger than 30
284,2023-09,20725773660.1346,20884587243.4344,Age 30-44
284,2023-09,24070789775.2862,23815327042.9293,Age 45-64
284,2023-09,7473533603.89784,7084549808.08081,Age 65 and older
284,2023-09,9569828219.066111,9680907587.87879,Younger than 30
285,2023-10,20328749637.1719,19390747360.101,Age 30-44
285,2023-10,23067351675.6585,22166453237.8788,Age 45-64
285,2023-10,7285898515.46179,6979671972.22222,Age 65 and older
285,2023-10,9271582794.05582,9009685068.686871,Younger than 30
286,2023-11,20344021689.491,18887918412.6263,Age 30-44
286,2023-11,23591113685.2563,21538864543.4343,Age 45-64
286,2023-11,7434715735.98377,6730143731.31313,Age 65 and older
286,2023-11,9137540166.33355,8619223881.81818,Younger than 30
287,2023-12,20316937300.0381,20160449200.5051,Age 30-44
287,2023-12,24221028858.6578,24332820290.9091,Age 45-64
287,2023-12,7820835028.17129,7348631916.66667,Age 65 and older
287,2023-12,9293559863.31468,9040003377.777781,Younger than 30
288,2024-01,20206485362.686,17717751977.7778,Age 30-44
288,2024-01,23904983951.9439,21463839637.8788,Age 45-64
288,2024-01,7495239026.37568,7117697694.9495,Age 65 and older
288,2024-01,9165510659.75172,7765736765.65657,Younger than 30
289,2024-02,20056648155.9863,19053104040.404,Age 30-44
289,2024-02,24133207639.1291,22364164012.6263,Age 45-64
289,2024-02,7812699556.66959,7802390357.57576,Age 65 and older
289,2024-02,9258326296.061769,8528878160.60606,Younger than 30
290,2024-03,20157868452.008,22499264104.0404,Age 30-44
290,2024-03,22682793584.1237,25131162134.3434,Age 45-64
290,2024-03,7702642422.19615,8397153662.12121,Age 65 and older
290,2024-03,8954105054.158609,9776561399.494949,Younger than 30
291,2024-04,20505817220.9672,21127173634.8485,Age 30-44
291,2024-04,23599647270.785,24293487372.2222,Age 45-64
291,2024-04,7558778796.4177,8233422246.9697,Age 65 and older
291,2024-04,9145124551.846109,9485273572.222219,Younger than 30
292,2024-05,21157147584.3959,22798944210.101,Age 30-44
292,2024-05,24254389137.0235,25896854968.1818,Age 45-64
292,2024-05,7739806116.83325,8301535073.73738,Age 65 and older
292,2024-05,9237583027.81381,9825963292.9293,Younger than 30
293,2024-06,20177154430.6944,20249714234.3434,Age 30-44
293,2024-06,23261523152.2218,23554630340.9091,Age 45-64
293,2024-06,7580989732.43314,7479377683.83838,Age 65 and older
293,2024-06,9102702544.786461,9204677503.53536,Younger than 30
294,2024-07,21111345829.7531,21951136942.4242,Age 30-44
294,2024-07,24311314310.627,25179825066.6667,Age 45-64
294,2024-07,7907022424.55313,8164269847.47475,Age 65 and older
294,2024-07,9434766801.409321,10043072078.2828,Younger than 30
295,2024-08,20831865377.6921,22119350813.1313,Age 30-44
295,2024-08,24536379132.1121,25786969180.8081,Age 45-64
295,2024-08,7929800874.28285,8245862941.41414,Age 65 and older
295,2024-08,9439307196.164539,10409580490.9091,Younger than 30
296,2024-09,20313493686.0083,19862277004.0404,Age 30-44
296,2024-09,23629082736.6885,23315436667.6768,Age 45-64
296,2024-09,7996054972.48479,7610551215.15152,Age 65 and older
296,2024-09,9444738727.83699,9217105053.0303,Younger than 30
297,2024-10,21744128904.9259,20964395148.4849,Age 30-44
297,2024-10,25602644550.8766,24627625152.0202,Age 45-64
297,2024-10,8314808717.1702,8123903127.77778,Age 65 and older
297,2024-10,9630791645.676451,9503805487.373739,Younger than 30
298,2024-11,22360268313.5479,21234386930.8081,Age 30-44
298,2024-11,26517298531.6172,24291164629.798,Age 45-64
298,2024-11,8660082486.634279,7757060793.9394,Age 65 and older
298,2024-11,9743508610.472139,9408018895.45455,Younger than 30
299,2024-12,10108146699.1384,9828514002.020201,Younger than 30
299,2024-12,22762088404.0344,22527904181.3131,Age 30-44
299,2024-12,25798586026.5668,26138838304.0404,Age 45-64
299,2024-12,8609185866.926849,8286080098.9899,Age 65 and older
300,2025-01,21954110869.7113,19205386157.0707,Age 30-44
300,2025-01,24933835744.0851,22406610930.8081,Age 45-64
300,2025-01,8420290020.04623,7954924866.66667,Age 65 and older
300,2025-01,9536113147.770229,8006358346.9697,Younger than 30
301,2025-02,21141445331.9327,19469306607.0707,Age 30-44
301,2025-02,24301339648.1172,22454266563.1313,Age 45-64
301,2025-02,8098930569.47835,7746429203.03031,Age 65 and older
301,2025-02,9680105087.12603,8656056097.979799,Younger than 30
302,2025-03,22618854817.7682,25139314151.0101,Age 30-44
302,2025-03,26685190578.2188,29508509490.404,Age 45-64
302,2025-03,9444684172.90847,10323485470.202,Age 65 and older
302,2025-03,9985090114.716181,10884678522.7273,Younger than 30
303,2025-04,23251277485.0261,23800416424.2424,Age 30-44
303,2025-04,27209556873.2442,27955848976.7677,Age 45-64
303,2025-04,9124515311.445379,9905137528.282829,Age 65 and older
303,2025-04,9789383325.54669,10052977527.7778,Younger than 30
304,2025-05,21723980247.9669,23391600483.3333,Age 30-44
304,2025-05,25671926226.0654,27428464533.8384,Age 45-64
304,2025-05,8669913358.681681,9094670083.838381,Age 65 and older
304,2025-05,9748500723.45812,10461162196.4647,Younger than 30
305,2025-06,21872302062.267,21890245323.7374,Age 30-44
305,2025-06,25586852969.1887,25721663157.0707,Age 45-64
305,2025-06,8766514559.121941,8735231353.535351,Age 65 and older
305,2025-06,9651388513.177031,9676278283.838381,Younger than 30
306,2025-07,22397825366.5956,23095186598.9899,Age 30-44
306,2025-07,26388389198.497,27365075725.7576,Age 45-64
306,2025-07,8935379364.977461,9245116354.0404,Age 65 and older
306,2025-07,9890492471.332211,10442438244.9495,Younger than 30
307,2025-08,10058208559.182,10842534581.3131,Younger than 30
307,2025-08,22341040627.3231,23304846729.798,Age 30-44
307,2025-08,26127727902.9612,27498534018.6869,Age 45-64
307,2025-08,9172264887.004089,9393163482.828279,Age 65 and older
308,2025-09,10058434385.0632,10113370063.3952,Younger than 30
308,2025-09,22522846051.7715,22538980193.8,Age 30-44
308,2025-09,26308292659.422,25908264995.497,Age 45-64
308,2025-09,9297068879.686621,9055173556.98687,Age 65 and older
309,2025-10,10198199753.3199,10124377635.5759,Younger than 30
309,2025-10,22579831046.0731,22051764057.049,Age 30-44
309,2025-10,26832782039.5083,25888312816.8805,Age 45-64
309,2025-10,9202504631.37594,9009103949.076571,Age 65 and older
310,2025-11,10479783192.1352,9814456189.77339,Younger than 30
310,2025-11,22523404232.0427,20742279091.5544,Age 30-44
310,2025-11,26876060315.2232,24700540952.8258,Age 45-64
310,2025-11,9191303070.478621,8122302488.61073,Age 65 and older
311,2025-12,10474743586.7803,10469731333.7599,Younger than 30
311,2025-12,22506195540.392,22831316478.7326,Age 30-44
311,2025-12,27062252669.2051,27585493040.0152,Age 45-64
311,2025-12,9050685626.645309,8892386734.122641,Age 65 and older
312,2026-01,10393746758.5665,8777144203.109961,Younger than 30
312,2026-01,22379066549.3212,19574636804.0089,Age 30-44
312,2026-01,27260771800.3441,24449721602.1667,Age 45-64
312,2026-01,9137273270.31403,8445835244.14382,Age 65 and older
313,2026-02,10717425397.8756,9599138960.654289,Younger than 30
313,2026-02,22848129304.5789,21013415749.399,Age 30-44
313,2026-02,26775907154.1192,24623658478.9653,Age 45-64
313,2026-02,9116003873.344231,8672646583.884821,Age 65 and older
