month,date,vol,vol_unadj,credit_score_group
84,2007-01,102090398840.794,95411901228.78793,Super-prime
84,2007-01,14144360367.60861,12791133787.37374,Subprime
84,2007-01,26546138544.06249,23537935086.86868,Near-prime
84,2007-01,58004230258.33857,51453824053.03033,Prime
84,2007-01,9966845025.124289,9357248310.60606,Deep subprime
85,2007-02,12639543015.95681,11430798534.34343,Subprime
85,2007-02,23316933872.77829,21998240950.00002,Near-prime
85,2007-02,52839104248.63938,47898209345.45454,Prime
85,2007-02,8224288099.121129,7557053772.222224,Deep subprime
85,2007-02,91620287946.48712,89946295807.07069,Super-prime
86,2007-03,10900092903.12506,11259921424.24242,Subprime
86,2007-03,23606848222.92165,24497632039.39396,Near-prime
86,2007-03,50974102596.10947,55778167650,Prime
86,2007-03,6995397158.719462,7422745616.666666,Deep subprime
86,2007-03,92607271598.49405,113424368299.495,Super-prime
87,2007-04,20585057418.45537,21371775787.37374,Near-prime
87,2007-04,47534138241.55721,51522996568.68685,Prime
87,2007-04,6592242555.500888,6534804881.313131,Deep subprime
87,2007-04,93041752977.09584,109253044310.1011,Super-prime
87,2007-04,9839151840.753572,10045298387.37374,Subprime
88,2007-05,10761928779.04349,11361448627.77778,Subprime
88,2007-05,21192854221.93683,22224492850.50505,Near-prime
88,2007-05,49702284834.19555,53761798147.9798,Prime
88,2007-05,6658840398.830606,6726952414.141417,Deep subprime
88,2007-05,97677101634.72076,112576818496.9697,Super-prime
89,2007-06,100484132831.3381,111598923642.4242,Super-prime
89,2007-06,19801511032.27351,21406807088.88889,Near-prime
89,2007-06,45519896891.69136,50138729972.22224,Prime
89,2007-06,6047620677.897372,6567302249.494949,Deep subprime
89,2007-06,9722149152.855164,10644231986.36363,Subprime
90,2007-07,19143016621.06719,19968335132.32325,Near-prime
90,2007-07,43802665689.87534,44153345571.71716,Prime
90,2007-07,6291929689.549107,6464255613.131314,Deep subprime
90,2007-07,9768642051.544285,10312783521.71717,Subprime
90,2007-07,98930443179.13115,95347385747.47475,Super-prime
91,2007-08,105031656963.5027,93169705081.81819,Super-prime
91,2007-08,17994021653.89852,18307171914.64647,Near-prime
91,2007-08,42959253454.41684,41007163784.34346,Prime
91,2007-08,5345298632.185693,5498847725.252526,Deep subprime
91,2007-08,9189279655.094574,8516391476.262629,Subprime
92,2007-09,14722472139.42277,14109925595.45455,Near-prime
92,2007-09,32003697332.32819,30138941154.54548,Prime
92,2007-09,3724269177.266349,3942136398.484851,Deep subprime
92,2007-09,6470229536.510381,6732129988.888886,Subprime
92,2007-09,89992390154.22955,69729963476.26259,Super-prime
93,2007-10,14709337827.23929,14824207753.53536,Near-prime
93,2007-10,33037905861.29175,33251452441.9192,Prime
93,2007-10,4532906440.540669,4572982973.232322,Deep subprime
93,2007-10,7318048254.739062,7585150911.616163,Subprime
93,2007-10,87774517435.73689,77832955008.58582,Super-prime
94,2007-11,13846741044.44699,13423288271.21212,Near-prime
94,2007-11,34689286759.19838,33178160925.75758,Prime
94,2007-11,4257536090.688427,3919197645.454543,Deep subprime
94,2007-11,7132770343.862228,6359489820.202019,Subprime
94,2007-11,80603188432.97356,75365026153.03024,Super-prime
95,2007-12,13318825291.80977,13012902105.55556,Near-prime
95,2007-12,31914510460.94516,31503213824.24241,Prime
95,2007-12,3774558189.164462,3623773717.171718,Deep subprime
95,2007-12,6103035487.088183,6391391632.323233,Subprime
95,2007-12,77973529844.16487,77821145114.64645,Super-prime
96,2008-01,12111822884.56744,10728270351.51515,Near-prime
96,2008-01,30938234179.73022,27525720534.84848,Prime
96,2008-01,3593315222.984039,3309756022.222222,Deep subprime
96,2008-01,5933241954.82341,5294047079.797982,Subprime
96,2008-01,75259113765.04039,70900587026.26262,Super-prime
97,2008-02,113738125781.4923,111503737281.8182,Super-prime
97,2008-02,13121787273.68162,12217654483.33333,Near-prime
97,2008-02,3626041618.682488,3329448009.090908,Deep subprime
97,2008-02,37693766518.41962,33935698005.05053,Prime
97,2008-02,6777985824.572632,6073709500,Subprime
98,2008-03,11701943133.17879,12128028838.38383,Near-prime
98,2008-03,29880228718.55787,32584813900.50505,Prime
98,2008-03,3270216834.532934,3525529576.767678,Deep subprime
98,2008-03,5758487392.036087,5989542426.767678,Subprime
98,2008-03,87698237111.64491,105645274539.899,Super-prime
99,2008-04,11780216655.5971,12212600794.9495,Near-prime
99,2008-04,28820225177.68879,30941977168.68687,Prime
99,2008-04,3220293626.705041,3170254951.515152,Deep subprime
99,2008-04,5556576662.34083,5645272086.868686,Subprime
99,2008-04,85514205727.80933,98633410238.3839,Super-prime
100,2008-05,11146720843.22332,11630583052.52526,Near-prime
100,2008-05,25582485789.88789,27409229863.63637,Prime
100,2008-05,2818031707.588672,2836910747.979799,Deep subprime
100,2008-05,4716526687.686333,4975814627.777777,Subprime
100,2008-05,79713120184.70877,88925901077.77777,Super-prime
101,2008-06,22544248213.99782,24852956798.9899,Prime
101,2008-06,2421947280.006746,2644219739.393941,Deep subprime
101,2008-06,4522309194.694003,5010787750.000004,Subprime
101,2008-06,73432680617.88855,80304301869.19193,Super-prime
101,2008-06,9800408663.801964,10647417356.06061,Near-prime
102,2008-07,22423237628.51649,22487963679.29292,Prime
102,2008-07,2252038872.176038,2278745885.353535,Deep subprime
102,2008-07,4878279272.134584,5079634919.69697,Subprime
102,2008-07,72026006407.1019,68793001760.10098,Super-prime
102,2008-07,9759545870.259197,10158054817.67677,Near-prime
103,2008-08,20709189108.2823,19984486343.43435,Prime
103,2008-08,2427572934.500466,2515012903.030304,Deep subprime
103,2008-08,4537545536.440462,4263636035.353534,Subprime
103,2008-08,67679897105.64243,60237905576.76771,Super-prime
103,2008-08,9000018867.489744,9237072201.010109,Near-prime
104,2008-09,19975992148.59921,19132295357.57575,Prime
104,2008-09,2243037718.306076,2405821898.9899,Deep subprime
104,2008-09,4612721587.661359,4822990430.303034,Subprime
104,2008-09,67655599207.51643,55404285056.56564,Super-prime
104,2008-09,9670427951.829836,9346928384.343433,Near-prime
105,2008-10,20962152371.4508,21277399643.9394,Prime
105,2008-10,2219665340.911795,2240360362.121212,Deep subprime
105,2008-10,4130226425.089072,4264084900.505052,Subprime
105,2008-10,68608359815.61452,63514743502.02017,Super-prime
105,2008-10,8952612336.724743,9031369366.161612,Near-prime
106,2008-11,14644374503.44603,14091471010.10101,Prime
106,2008-11,1906361747.394263,1751760659.59596,Deep subprime
106,2008-11,3943866451.818811,3539470146.969696,Subprime
106,2008-11,40644001817.65046,39942543108.58586,Super-prime
106,2008-11,6764471046.52188,6563614405.555559,Near-prime
107,2008-12,19192517781.58633,19106081120.70708,Prime
107,2008-12,2068082325.124854,1981327634.848485,Deep subprime
107,2008-12,4066640618.381742,4278058228.787879,Subprime
107,2008-12,62829665754.09084,65935225313.63631,Super-prime
107,2008-12,8605410957.859636,8461336019.69697,Near-prime
108,2009-01,114059415707.6492,108833659094.9495,Super-prime
108,2009-01,2086378833.679451,1854276919.696969,Deep subprime
108,2009-01,23487236232.08147,20805525109.0909,Prime
108,2009-01,4512114501.956533,3922822781.818181,Subprime
108,2009-01,9549841357.75959,8397024624.747478,Near-prime
109,2009-02,139732406517.3977,133340876114.1414,Super-prime
109,2009-02,1883006374.219828,1734752398.989898,Deep subprime
109,2009-02,25689429708.17795,22950135509.59599,Prime
109,2009-02,4134216599.750686,3650270699.494949,Subprime
109,2009-02,9824707052.785604,9008135972.222219,Near-prime
110,2009-03,122857038320.344,139913823632.3232,Super-prime
110,2009-03,1797836586.873583,2002289826.262626,Deep subprime
110,2009-03,24486867532.86281,26376723248.98991,Prime
110,2009-03,3991750840.683018,4208103440.404039,Subprime
110,2009-03,9294326701.857512,9610625613.131323,Near-prime
111,2009-04,134650448300.1345,147042296802.0203,Super-prime
111,2009-04,1737294660.76831,1697690581.818182,Deep subprime
111,2009-04,26030220445.37784,27495181828.28283,Prime
111,2009-04,4070088164.205757,4130065137.878788,Subprime
111,2009-04,9351598797.267187,9662813697.979795,Near-prime
112,2009-05,149950423558.9857,156782669824.2425,Super-prime
112,2009-05,1641602543.122533,1650722365.656565,Deep subprime
112,2009-05,26779512138.56846,28208026383.83838,Prime
112,2009-05,3637257375.71025,3843624430.303028,Subprime
112,2009-05,8891797019.375332,9219156441.414143,Near-prime
113,2009-06,144472295854.2662,154211172583.3333,Super-prime
113,2009-06,1590456396.10038,1753177796.969697,Deep subprime
113,2009-06,27043911459.26631,29745088945.45452,Prime
113,2009-06,3514183110.320827,3953039208.08081,Subprime
113,2009-06,8791415277.924301,9626787098.484852,Near-prime
114,2009-07,131341953713.7489,124425167210.6061,Super-prime
114,2009-07,1679078368.220762,1648864550,Deep subprime
114,2009-07,26445102003.79135,26476234251.01011,Prime
114,2009-07,3469735284.604696,3514494756.565655,Subprime
114,2009-07,8833574019.678034,9130078564.141418,Near-prime
115,2009-08,103080338226.1476,94174857525.7576,Super-prime
115,2009-08,1032852255.414298,1072280779.292929,Deep subprime
115,2009-08,22609718350.48304,22284678873.73738,Prime
115,2009-08,2991045034.715203,2869245571.717171,Subprime
115,2009-08,7079237940.041347,7345826463.636369,Near-prime
116,2009-09,1241170925.316782,1346626095.454545,Deep subprime
116,2009-09,21573081291.81576,21044116630.80808,Prime
116,2009-09,3063277954.978989,3203481915.656565,Subprime
116,2009-09,8159132156.738787,7980314105.05051,Near-prime
116,2009-09,96942648288.68907,86165495934.34348,Super-prime
117,2009-10,1198750246.573044,1220579932.828283,Deep subprime
117,2009-10,22303695820.22166,23036913961.61616,Prime
117,2009-10,3275470768.898945,3392400701.515152,Subprime
117,2009-10,8969263351.47562,9101820582.828287,Near-prime
117,2009-10,94421300727.80353,94522578256.56561,Super-prime
118,2009-11,1196112571.576862,1099842926.767677,Deep subprime
118,2009-11,24413620796.20024,23661496010.60605,Prime
118,2009-11,3619396391.588737,3273274970.70707,Subprime
118,2009-11,8001768070.040257,7743913189.898989,Near-prime
118,2009-11,90750671996.38503,95625533706.56573,Super-prime
119,2009-12,1256767106.918576,1202797262.121212,Deep subprime
119,2009-12,21445585313.56245,21570145154.54544,Prime
119,2009-12,2882662041.274066,3046724600,Subprime
119,2009-12,7416434608.205895,7347775709.090911,Near-prime
119,2009-12,92711212040.24864,102727030588.3838,Super-prime
120,2010-01,18053731520.22035,15916967116.66667,Prime
120,2010-01,2123057893.891786,1800452880.808081,Subprime
120,2010-01,5567550683.252435,4876253410.606059,Near-prime
120,2010-01,682811066.228268,585794210.10101,Deep subprime
120,2010-01,82225876180.12814,77790224157.57571,Super-prime
121,2010-02,16950947395.79902,15014239989.39394,Prime
121,2010-02,1936010562.681095,1687141103.535353,Subprime
121,2010-02,5340180360.882024,4792055642.929292,Near-prime
121,2010-02,72994542529.3147,66468809905.05048,Super-prime
121,2010-02,764690688.3809987,706092452.020202,Deep subprime
122,2010-03,18816371276.47936,19765470697.9798,Prime
122,2010-03,2217881246.760033,2356022327.777777,Subprime
122,2010-03,6329206228.938973,6535644156.060605,Near-prime
122,2010-03,751750955.0893428,856562495.4545455,Deep subprime
122,2010-03,79166142955.1071,84189834863.1313,Super-prime
123,2010-04,1021076152.884645,991777544.9494951,Deep subprime
123,2010-04,18780338041.61853,19375731208.58586,Prime
123,2010-04,2245519236.150703,2260885739.393941,Subprime
123,2010-04,6519489603.618123,6671451315.151509,Near-prime
123,2010-04,82082507751.25421,83230613370.70712,Super-prime
124,2010-05,17557677006.39035,18277089327.77777,Prime
124,2010-05,2275584158.645981,2412029177.777777,Subprime
124,2010-05,6160616959.145763,6362767425.757576,Near-prime
124,2010-05,709785635.6555593,718417874.2424242,Deep subprime
124,2010-05,79112262703.30324,76092286788.8889,Super-prime
125,2010-06,1003882517.386654,1123324413.131313,Deep subprime
125,2010-06,20129781797.10926,22095549682.32323,Prime
125,2010-06,2636694188.183575,3027521301.010101,Subprime
125,2010-06,6768923064.826735,7478057609.090914,Near-prime
125,2010-06,94689423882.29575,97892078519.69691,Super-prime
126,2010-07,106316732605.3174,100867804476.7677,Super-prime
126,2010-07,19055407195.47533,19223861199.49496,Prime
126,2010-07,1965285366.598389,1932134836.363637,Subprime
126,2010-07,4924714549.440254,5076140719.191921,Near-prime
126,2010-07,675744980.4259292,649440183.3333335,Deep subprime
127,2010-08,132383893062.495,129313866676.7676,Super-prime
127,2010-08,1869364424.078526,1851663367.171717,Subprime
127,2010-08,21180842298.61084,21460266101.51515,Prime
127,2010-08,5987247609.683915,6324285246.464653,Near-prime
127,2010-08,672205164.394423,691661332.3232325,Deep subprime
128,2010-09,146209309477.7739,141217214632.3233,Super-prime
128,2010-09,1992149234.663836,2068347500.505051,Subprime
128,2010-09,23376874967.84322,23149404445.45455,Prime
128,2010-09,5949838684.836043,5868818458.58586,Near-prime
128,2010-09,712845028.3699611,777720231.313131,Deep subprime
129,2010-10,135518432306.7251,146163717867.6768,Super-prime
129,2010-10,1951709429.104976,2021197198.484849,Subprime
129,2010-10,21108191434.54992,22109219896.46463,Prime
129,2010-10,6051256998.143695,6155855992.424242,Near-prime
129,2010-10,635823434.451686,649891833.8383842,Deep subprime
130,2010-11,136707363453.6629,151310680538.3838,Super-prime
130,2010-11,24558635202.0951,23896730181.31313,Prime
130,2010-11,2492647679.055167,2287771182.323232,Subprime
130,2010-11,6292038779.836028,6059027481.313135,Near-prime
130,2010-11,903897181.9897851,833323201.0101011,Deep subprime
131,2010-12,128201889134.1755,144123197428.7878,Super-prime
131,2010-12,1970618763.800845,2086324025.252525,Subprime
131,2010-12,21219540027.54243,21601992797.47475,Prime
131,2010-12,6007558587.426672,5980460765.656568,Near-prime
131,2010-12,682671541.204175,659018648.4848485,Deep subprime
132,2011-01,109325365904.8294,102074622813.1313,Super-prime
132,2011-01,1790568331.453977,1468721564.141414,Subprime
132,2011-01,20805934650.22173,18067597129.79799,Prime
132,2011-01,510137474.266963,423126550.5050505,Deep subprime
132,2011-01,5467219769.968076,4753225083.333336,Near-prime
133,2011-02,1693462165.964299,1456461106.565657,Subprime
133,2011-02,17579821063.71014,15326178772.22222,Prime
133,2011-02,4632610423.103615,4052716251.010099,Near-prime
133,2011-02,634220200.9102879,580793613.6363637,Deep subprime
133,2011-02,87089920693.51346,75968886604.5455,Super-prime
134,2011-03,16906756613.30524,17321194400.50505,Prime
134,2011-03,1876436384.880862,2002915417.171718,Subprime
134,2011-03,4930105147.542005,5084097033.838385,Near-prime
134,2011-03,661460775.4935037,759869059.5959598,Deep subprime
134,2011-03,78465679179.16005,77073507330.30307,Super-prime
135,2011-04,15055714289.96922,15276420924.24242,Prime
135,2011-04,1666674246.10453,1658411330.80808,Subprime
135,2011-04,4780033121.532317,4847238541.414144,Near-prime
135,2011-04,519875317.553727,506281910.1010101,Deep subprime
135,2011-04,73299608858.19154,69152301764.64645,Super-prime
136,2011-05,15442797287.67909,15962137381.81818,Prime
136,2011-05,1654399645.426112,1782388023.232323,Subprime
136,2011-05,4632802023.603174,4817826420.707071,Near-prime
136,2011-05,549507953.6451057,566436489.3939395,Deep subprime
136,2011-05,71944537373.57231,67297658383.33337,Super-prime
137,2011-06,15830663522.46568,17390696459.09092,Prime
137,2011-06,1951235675.231309,2274199685.858586,Subprime
137,2011-06,4833264333.797476,5409001707.575757,Near-prime
137,2011-06,565147743.6604434,646558369.69697,Deep subprime
137,2011-06,78197239122.08757,80421613807.07074,Super-prime
138,2011-07,15664411652.14991,16066053472.22222,Prime
138,2011-07,1803342256.835639,1729538175.252526,Subprime
138,2011-07,5003725493.670506,5153785954.545455,Near-prime
138,2011-07,548136947.0218838,517510412.6262625,Deep subprime
138,2011-07,82465444264.33455,81515167949.49492,Super-prime
139,2011-08,17527111225.8119,18249345034.84849,Prime
139,2011-08,2087607440.73435,2125578632.323234,Subprime
139,2011-08,5454338431.841854,5829550841.414141,Near-prime
139,2011-08,693692981.3628567,701847196.9696971,Deep subprime
139,2011-08,91048560354.36633,94825118278.28284,Super-prime
140,2011-09,117842010240.1663,117425342034.3435,Super-prime
140,2011-09,19346834271.03424,19410656704.04042,Prime
140,2011-09,2052415267.207264,2125230815.151516,Subprime
140,2011-09,5608775102.760206,5571521449.999998,Near-prime
140,2011-09,690662447.8269064,750226960.1010103,Deep subprime
141,2011-10,115222877731.8867,129162465158.5859,Super-prime
141,2011-10,1828364864.370259,1889479457.070707,Subprime
141,2011-10,19180367121.55454,20186860261.1111,Prime
141,2011-10,5221926443.713453,5320505000,Near-prime
141,2011-10,652303324.7866515,667667379.2929291,Deep subprime
142,2011-11,115841690095.2653,127868928971.7172,Super-prime
142,2011-11,19213889834.41151,18623556522.22223,Prime
142,2011-11,2038783899.736755,1888186119.696971,Subprime
142,2011-11,5427842008.70134,5167131984.848484,Near-prime
142,2011-11,631010217.6424395,579772336.3636363,Deep subprime
143,2011-12,110070403208.5765,120342092487.3738,Super-prime
143,2011-12,19510889101.36435,19923818288.38383,Prime
143,2011-12,2074307628.753534,2196495216.161616,Subprime
143,2011-12,5757933147.663741,5738372389.898989,Near-prime
143,2011-12,602195808.4552191,595148537.3737376,Deep subprime
144,2012-01,115904832397.8666,104380650034.8486,Super-prime
144,2012-01,19981721236.41017,17126357302.0202,Prime
144,2012-01,2214355591.690197,1762817923.232324,Subprime
144,2012-01,6129699431.522283,5304560499.999998,Near-prime
144,2012-01,713142490.5373064,578937678.7878788,Deep subprime
145,2012-02,142608383031.5406,121406739424.2424,Super-prime
145,2012-02,2239306802.469862,1906565862.121212,Subprime
145,2012-02,23250936543.84425,19943787145.45455,Prime
145,2012-02,6755066505.224013,5739094563.131317,Near-prime
145,2012-02,788822712.7335535,719608902.0202019,Deep subprime
146,2012-03,138846847433.1737,131252199253.0303,Super-prime
146,2012-03,22358720573.06765,22407340040.40404,Prime
146,2012-03,2274944404.988769,2449454004.545455,Subprime
146,2012-03,6768150377.483328,7018070563.636362,Near-prime
146,2012-03,820620701.0630862,932500550.5050508,Deep subprime
147,2012-04,128945109092.3494,119412510684.8484,Super-prime
147,2012-04,22551012651.62309,22641355630.80808,Prime
147,2012-04,2310582245.110376,2255880510.10101,Subprime
147,2012-04,6475152624.166683,6477672341.41414,Near-prime
147,2012-04,702269039.9705303,682782840.909091,Deep subprime
148,2012-05,132092589983.4327,127185693430.303,Super-prime
148,2012-05,23607051354.36735,24505373660.60606,Prime
148,2012-05,2422849668.307371,2633321479.292932,Subprime
148,2012-05,6820350962.825967,7226393367.676775,Near-prime
148,2012-05,745487978.6907053,781555460.1010101,Deep subprime
149,2012-06,129493026647.578,135435719322.7273,Super-prime
149,2012-06,2208617423.986904,2600443654.040404,Subprime
149,2012-06,22459221074.02567,24853227933.83839,Prime
149,2012-06,6878480644.074688,7791570633.333334,Near-prime
149,2012-06,712035799.1093204,829593297.4747474,Deep subprime
150,2012-07,134132505509.4789,140988209748.9898,Super-prime
150,2012-07,2156056388.577315,2062135173.232323,Subprime
150,2012-07,24162342389.45067,25369374210.60605,Prime
150,2012-07,6696222687.891109,6925896069.191921,Near-prime
150,2012-07,711011761.0132924,677072445.9595962,Deep subprime
151,2012-08,152135902269.1597,165916770491.9192,Super-prime
151,2012-08,2386940688.958549,2487343200,Subprime
151,2012-08,26163726886.33949,27733417543.93938,Prime
151,2012-08,7105562179.674047,7663336592.929287,Near-prime
151,2012-08,732667559.4054734,728794497.979798,Deep subprime
152,2012-09,141431281571.8149,141110020056.0606,Super-prime
152,2012-09,2095827026.897084,2185808244.444445,Subprime
152,2012-09,23834014118.53651,24134130021.71717,Prime
152,2012-09,7008685242.373316,7016602581.81818,Near-prime
152,2012-09,736986927.9501396,792016365.1515152,Deep subprime
153,2012-10,148540284413.7343,163430680545.4546,Super-prime
153,2012-10,26768407800.19717,28010189185.85857,Prime
153,2012-10,2684353537.464187,2743667968.686868,Subprime
153,2012-10,7819736567.893463,7919916860.606056,Near-prime
153,2012-10,907371913.6009102,928594738.3838385,Deep subprime
154,2012-11,146410218817.6029,153371047312.6262,Super-prime
154,2012-11,2488311857.609053,2306884434.343433,Subprime
154,2012-11,27341540520.43542,26239993864.64646,Prime
154,2012-11,7469013598.647853,6997542172.222221,Near-prime
154,2012-11,909389479.8207343,828209302.0202019,Deep subprime
155,2012-12,151380887542.1608,158651163217.6768,Super-prime
155,2012-12,2392618702.313797,2530218968.686869,Subprime
155,2012-12,27605604812.41693,28076622992.92928,Prime
155,2012-12,8067319174.823192,8011606459.090903,Near-prime
155,2012-12,825855247.6877996,832225019.1919194,Deep subprime
156,2013-01,168269370610.6544,147743201274.2424,Super-prime
156,2013-01,32118451400.25313,26892335657.0707,Prime
156,2013-01,3330344548.990303,2559431347.474748,Subprime
156,2013-01,8307444545.00608,7098432551.0101,Near-prime
156,2013-01,954646605.1059797,767983970.20202,Deep subprime
157,2013-02,156364867677.1558,129968996905.0506,Super-prime
157,2013-02,29407161366.07296,24886533210.60605,Prime
157,2013-02,2983816173.44634,2520854713.636363,Subprime
157,2013-02,8672566360.270189,7221155485.353537,Near-prime
157,2013-02,904000142.1340865,821060561.6161617,Deep subprime
158,2013-03,147076917379.8812,136750270123.7373,Super-prime
158,2013-03,2530118230.857759,2772667126.262627,Subprime
158,2013-03,27736152568.58934,27561343636.36364,Prime
158,2013-03,802977145.1573902,907378962.6262628,Deep subprime
158,2013-03,8398461922.115484,8761843577.272724,Near-prime
159,2013-04,1054437030.751979,1015947677.777778,Deep subprime
159,2013-04,145703452799.0214,138588096378.2828,Super-prime
159,2013-04,2834348623.47351,2727974584.343433,Subprime
159,2013-04,28967524495.85673,29134561970.70707,Prime
159,2013-04,8522008670.795936,8478761227.272733,Near-prime
160,2013-05,143809228304.3289,147341878491.9192,Super-prime
160,2013-05,2717699925.33216,2966980376.767677,Subprime
160,2013-05,28847983827.75521,30259799452.0202,Prime
160,2013-05,8425331998.282909,9128664612.626263,Near-prime
160,2013-05,954271254.3579261,1011483263.636364,Deep subprime
161,2013-06,128106080737.6188,139808736954.0404,Super-prime
161,2013-06,26902042578.1726,29975341716.66668,Prime
161,2013-06,2815698834.532292,3313741981.313131,Subprime
161,2013-06,8124991253.603916,9305283633.333328,Near-prime
161,2013-06,908887570.6885215,1064332905.050505,Deep subprime
162,2013-07,117917310722.0679,131524633209.0909,Super-prime
162,2013-07,1271584407.427101,1226309153.535354,Deep subprime
162,2013-07,2702118860.940907,2602118362.626263,Subprime
162,2013-07,27992470986.36473,30031280014.64645,Prime
162,2013-07,8421839192.308641,8701190519.191919,Near-prime
163,2013-08,24566338659.7969,26379914514.14141,Prime
163,2013-08,2767835757.727139,2911349878.787879,Subprime
163,2013-08,725759593.0756307,715787830.3030304,Deep subprime
163,2013-08,7948828053.477892,8604791108.080807,Near-prime
163,2013-08,97416049630.18536,106688018291.4141,Super-prime
164,2013-09,21089269076.5229,21368624006.06061,Prime
164,2013-09,2385011349.853631,2519227615.656566,Subprime
164,2013-09,7175781224.94883,7259103418.181816,Near-prime
164,2013-09,746045142.3194214,793765565.6565655,Deep subprime
164,2013-09,80009349940.71866,79125209883.83846,Super-prime
165,2013-10,20920831899.92994,21768024225.75758,Prime
165,2013-10,2189793706.806906,2235253496.969696,Subprime
165,2013-10,637513569.162128,657222003.0303029,Deep subprime
165,2013-10,7125740477.847702,7177914139.898992,Near-prime
165,2013-10,71807647442.26254,75799433551.51515,Super-prime
166,2013-11,20429820256.67099,19395986924.24242,Prime
166,2013-11,2545671683.932796,2350487281.818181,Subprime
166,2013-11,651654600.3075793,589505691.9191917,Deep subprime
166,2013-11,68837399883.82947,67698351188.38384,Super-prime
166,2013-11,7544703040.421119,6981136845.959602,Near-prime
167,2013-12,19639774452.11063,19777424279.79799,Prime
167,2013-12,2283812111.681511,2419029064.646464,Subprime
167,2013-12,67965687725.81337,69541973712.12125,Super-prime
167,2013-12,6964746802.167546,6892617486.868687,Near-prime
167,2013-12,751613597.8824731,774732915.6565654,Deep subprime
168,2014-01,18780705898.58107,15391696002.52524,Prime
168,2014-01,2906498400.068086,2163244315.656567,Subprime
168,2014-01,620210184.793031,496731111.6161616,Deep subprime
168,2014-01,63839389535.26206,53720203370.70709,Super-prime
168,2014-01,7223501078.423808,6069545641.41414,Near-prime
169,2014-02,17218440189.79701,14412041255.55556,Prime
169,2014-02,1978659735.419067,1661466721.212121,Subprime
169,2014-02,572233032.7443317,512536467.1717172,Deep subprime
169,2014-02,60945715202.79137,49180245439.39393,Super-prime
169,2014-02,6644197483.866197,5448674985.85859,Near-prime
170,2014-03,17861160574.40914,17680867319.69696,Prime
170,2014-03,2193399430.588427,2443265717.171717,Subprime
170,2014-03,608026250.9963884,687347325.7575758,Deep subprime
170,2014-03,63972523126.56904,60113128026.26263,Super-prime
170,2014-03,6721491391.959862,7041637224.74748,Near-prime
171,2014-04,19094286385.96124,19264439506.56565,Prime
171,2014-04,2185086781.517974,2073346289.89899,Subprime
171,2014-04,67952920292.85764,67477545359.09087,Super-prime
171,2014-04,7179538555.891204,7108037384.848486,Near-prime
171,2014-04,817565466.7179321,774175672.7272727,Deep subprime
172,2014-05,19726884233.17889,20983732463.63637,Prime
172,2014-05,2484318663.26576,2693510236.868687,Subprime
172,2014-05,68966687961.46416,73205392441.41417,Super-prime
172,2014-05,7340307498.31496,8095361531.313135,Near-prime
172,2014-05,742567145.5609318,784765603.030303,Deep subprime
173,2014-06,20653202892.4645,23220584061.1111,Prime
173,2014-06,2297003788.885224,2708709783.333334,Subprime
173,2014-06,71948389452.04877,80957351806.56564,Super-prime
173,2014-06,7372761920.504614,8516680993.939395,Near-prime
173,2014-06,745912115.8878907,874135880.3030301,Deep subprime
174,2014-07,21892755955.51166,23811820503.0303,Prime
174,2014-07,3176527630.973034,3095642739.89899,Subprime
174,2014-07,724151447.5870066,711654742.929293,Deep subprime
174,2014-07,75991897098.35493,87031157425.75752,Super-prime
174,2014-07,7802485890.381258,8056522918.18182,Near-prime
175,2014-08,20419037456.90456,22077098627.27273,Prime
175,2014-08,2400513995.810132,2522536564.141414,Subprime
175,2014-08,737674085.3953187,724506479.7979803,Deep subprime
175,2014-08,74663270116.03714,82161021718.6869,Super-prime
175,2014-08,7655171631.384038,8309330400,Near-prime
176,2014-09,22222467234.51627,22524571506.06061,Prime
176,2014-09,2750326326.888983,2942950391.41414,Subprime
176,2014-09,689834755.1678433,732509436.8686869,Deep subprime
176,2014-09,77519094859.02632,77922096284.34344,Super-prime
176,2014-09,8246609233.747257,8424985174.242419,Near-prime
177,2014-10,21774741695.60883,22590164213.63634,Prime
177,2014-10,2625814600.896406,2686414081.313133,Subprime
177,2014-10,727970471.1257101,748834996.9696971,Deep subprime
177,2014-10,77481832519.86438,79620223743.93942,Super-prime
177,2014-10,8530762128.216351,8552451895.454547,Near-prime
178,2014-11,22383450745.44106,21135218687.8788,Prime
178,2014-11,2563801033.587997,2376482712.121212,Subprime
178,2014-11,719641410.9742353,655546511.6161617,Deep subprime
178,2014-11,7893298763.469069,7297457201.515148,Near-prime
178,2014-11,82272348769.56401,77785866692.42426,Super-prime
179,2014-12,24655159154.26168,24659924033.83839,Prime
179,2014-12,2869127621.49402,3057479961.111112,Subprime
179,2014-12,8685420885.551458,8622143547.979797,Near-prime
179,2014-12,89406620517.76721,90525726445.95963,Super-prime
179,2014-12,953177292.6983612,1011873576.767676,Deep subprime
180,2015-01,23191941999.64946,18613977524.24244,Prime
180,2015-01,2726301266.982671,1976814918.686869,Subprime
180,2015-01,518690166.1063817,413504209.5959597,Deep subprime
180,2015-01,7681904347.79437,6337959281.81818,Near-prime
180,2015-01,89881105943.22749,72528815712.12122,Super-prime
181,2015-02,10986947335.84878,8850645214.141417,Near-prime
181,2015-02,121904737495.1321,94699606036.36368,Super-prime
181,2015-02,28653082140.895,23562106263.13131,Prime
181,2015-02,2983083231.747752,2471301676.262627,Subprime
181,2015-02,893693454.1738499,775775678.2828286,Deep subprime
182,2015-03,11053304176.55218,11545336133.83839,Near-prime
182,2015-03,127387768830.2665,120228370288.889,Super-prime
182,2015-03,30522033404.109,30312315669.69696,Prime
182,2015-03,3312669966.580421,3743324451.010103,Subprime
182,2015-03,738703747.6219908,848522108.080808,Deep subprime
183,2015-04,10289393007.27485,10141014566.16162,Near-prime
183,2015-04,107251230754.371,108096117820.202,Super-prime
183,2015-04,29549393937.70732,29814335625.25249,Prime
183,2015-04,3346036103.796792,3116289537.87879,Subprime
183,2015-04,837741929.9879235,769285734.3434345,Deep subprime
184,2015-05,105067075910.4824,113259602408.0808,Super-prime
184,2015-05,11443589543.60502,12692128907.07071,Near-prime
184,2015-05,27152859810.98994,29182727418.68687,Prime
184,2015-05,3109058063.135908,3354276599.999999,Subprime
184,2015-05,789849127.2369599,825209120.2020202,Deep subprime
185,2015-06,103973114327.0638,119521734644.4444,Super-prime
185,2015-06,10852794031.61638,12668768270.70707,Near-prime
185,2015-06,1089612835.24986,1277995604.545455,Deep subprime
185,2015-06,29643955366.09648,33548713272.22223,Prime
185,2015-06,3147668606.381308,3708538903.030303,Subprime
186,2015-07,10291872349.90028,10595370263.63636,Near-prime
186,2015-07,28206158186.1128,30760393853.03029,Prime
186,2015-07,3476421901.269454,3415594240.404043,Subprime
186,2015-07,919731255.6708757,907419053.0303029,Deep subprime
186,2015-07,95298558091.2506,109113912419.1919,Super-prime
187,2015-08,25829949309.24752,28149856493.43433,Prime
187,2015-08,2982715124.989411,3121441351.010102,Subprime
187,2015-08,791916025.7859322,783680643.4343436,Deep subprime
187,2015-08,88866737397.06793,98980928986.86873,Super-prime
187,2015-08,9567085232.144335,10473006089.899,Near-prime
188,2015-09,10124027146.09837,10411816079.79798,Near-prime
188,2015-09,27526758280.44944,28026949449.49495,Prime
188,2015-09,3462784252.770206,3755735299.494947,Subprime
188,2015-09,807045013.6183894,862817970.7070708,Deep subprime
188,2015-09,92760614398.12047,95539290860.10098,Super-prime
189,2015-10,26256238507.57855,27318892640.40405,Prime
189,2015-10,3102003318.029686,3187478188.888889,Subprime
189,2015-10,890388503.3416039,913090708.5858587,Deep subprime
189,2015-10,91231019617.08374,94756273016.66666,Super-prime
189,2015-10,9935860635.449575,9976925098.484846,Near-prime
190,2015-11,23367703035.54253,22105811621.21212,Prime
190,2015-11,2781919231.086675,2605023888.383837,Subprime
190,2015-11,830153149.3800025,763304040.4040405,Deep subprime
190,2015-11,8574201569.857772,7965757355.555556,Near-prime
190,2015-11,88074742378.81003,83246509642.92929,Super-prime
191,2015-12,10232711245.26997,10215621207.07071,Near-prime
191,2015-12,27665794213.63118,27395422661.61617,Prime
191,2015-12,3182460372.947275,3405436178.78788,Subprime
191,2015-12,778993185.2974427,849947305.5555555,Deep subprime
191,2015-12,93185897763.79239,93403043389.39395,Super-prime
192,2016-01,27210288686.78405,21608696691.41413,Prime
192,2016-01,2967724308.530956,2120718658.080807,Subprime
192,2016-01,916508423.8418939,718334545.4545453,Deep subprime
192,2016-01,93541167292.44348,71976405617.6768,Super-prime
192,2016-01,9893130115.31848,8026393848.484848,Near-prime
193,2016-02,10010816167.19038,7950649152.525252,Near-prime
193,2016-02,29398530338.86625,23837603380.80808,Prime
193,2016-02,3170957227.318204,2609269996.969697,Subprime
193,2016-02,882743801.4284968,750162119.1919193,Deep subprime
193,2016-02,99665914281.72197,74809399737.3737,Super-prime
194,2016-03,10214865595.10979,10625000430.30303,Near-prime
194,2016-03,119646631550.4185,112471388708.5859,Super-prime
194,2016-03,31651213935.20217,31493430170.20202,Prime
194,2016-03,3372189599.761367,3835712108.080808,Subprime
194,2016-03,920203270.800135,1087924028.282828,Deep subprime
195,2016-04,11065202445.51159,10826039860.10102,Near-prime
195,2016-04,114443334268.4074,114142201723.7373,Super-prime
195,2016-04,31092747491.06957,31165485321.71717,Prime
195,2016-04,3255898287.699586,2982907913.636364,Subprime
195,2016-04,784169652.8597341,697716431.8181819,Deep subprime
196,2016-05,10261444987.15978,11363397617.67677,Near-prime
196,2016-05,113492760220.3934,122499826802.0202,Super-prime
196,2016-05,3135117916.229584,3331699729.29293,Subprime
196,2016-05,32143931033.25324,34759123839.89902,Prime
196,2016-05,840546667.3674567,856443550,Deep subprime
197,2016-06,10969662737.7182,12829151074.24243,Near-prime
197,2016-06,115877017384.4191,133674044264.6465,Super-prime
197,2016-06,31906956318.35573,36131891290.40405,Prime
197,2016-06,3768177039.401395,4429695099.999998,Subprime
197,2016-06,751249099.7138553,883455021.7171718,Deep subprime
198,2016-07,107091835874.0036,121799656568.6868,Super-prime
198,2016-07,10755529512.61504,11074405257.57575,Near-prime
198,2016-07,31787938795.9918,34515778793.9394,Prime
198,2016-07,3265555063.036464,3241002690.909089,Subprime
198,2016-07,920941304.3499768,900342993.9393941,Deep subprime
199,2016-08,1026711712.100348,1030284695.454545,Deep subprime
199,2016-08,12076830168.0646,13355104998.98989,Near-prime
199,2016-08,135137039016.4814,155580373672.7271,Super-prime
199,2016-08,35435680803.57072,38861733815.15152,Prime
199,2016-08,3615282239.605978,3797570299.49495,Subprime
200,2016-09,1075066569.174643,1157706035.353535,Deep subprime
200,2016-09,11884262067.54245,12284829529.79798,Near-prime
200,2016-09,136747766623.782,143496618194.9496,Super-prime
200,2016-09,34230895367.11983,35212505457.57575,Prime
200,2016-09,3568181393.039161,3909034849.494952,Subprime
201,2016-10,1004131669.501916,1027084294.949494,Deep subprime
201,2016-10,11130304446.62386,11211905395.9596,Near-prime
201,2016-10,134294614645.0352,142944450555.0505,Super-prime
201,2016-10,35960018814.80498,37800630446.46465,Prime
201,2016-10,3830683358.434426,3925953363.636365,Subprime
202,2016-11,12200177485.57224,11415785307.57576,Near-prime
202,2016-11,132977998428.7486,127947997463.6364,Super-prime
202,2016-11,35114028678.47372,33460966901.51517,Prime
202,2016-11,3941948166.280272,3729795616.666667,Subprime
202,2016-11,988882816.9690232,912033653.5353532,Deep subprime
203,2016-12,11571835584.12609,11625573990.40404,Near-prime
203,2016-12,124930054618.6775,122412052226.2626,Super-prime
203,2016-12,35144617347.14852,34292460756.06061,Prime
203,2016-12,3866526918.121826,4119317978.28283,Subprime
203,2016-12,953698415.5800916,1056775890.90909,Deep subprime
204,2017-01,112456582913.4732,83790213830.30301,Super-prime
204,2017-01,30744359270.10439,24323001606.56565,Prime
204,2017-01,3329407056.993607,2410853824.747475,Subprime
204,2017-01,840556869.5805452,660198862.6262627,Deep subprime
204,2017-01,9954865779.850771,8024817705.050506,Near-prime
205,2017-02,10882037024.88582,8622014165.656574,Near-prime
205,2017-02,28937722552.60633,23355961377.77777,Prime
205,2017-02,3392134156.061872,2805020020.202022,Subprime
205,2017-02,810505543.8358399,684787878.2828282,Deep subprime
205,2017-02,99442211582.46909,73181341257.07071,Super-prime
206,2017-03,1016806876.252856,1231700253.535353,Deep subprime
206,2017-03,10706230466.5708,11049494719.69697,Near-prime
206,2017-03,28518010901.49631,28409302599.99999,Prime
206,2017-03,3407059116.254141,3863561950.000001,Subprime
206,2017-03,99055219464.20699,91944199686.36369,Super-prime
207,2017-04,28277855955.28006,28062354647.9798,Prime
207,2017-04,3100243176.315429,2814563398.989899,Subprime
207,2017-04,856282658.8376533,743106766.6666663,Deep subprime
207,2017-04,89294435903.29491,87123336873.23232,Super-prime
207,2017-04,9549829045.425817,9325913806.565659,Near-prime
208,2017-05,10857940309.87103,11864376045.45454,Near-prime
208,2017-05,29948754933.01451,32556870914.14143,Prime
208,2017-05,3640788843.431772,3812584630.808082,Subprime
208,2017-05,918628981.5594342,920470946.4646466,Deep subprime
208,2017-05,97881270084.57945,106434219112.6262,Super-prime
209,2017-06,10839521654.40287,12574909120.70707,Near-prime
209,2017-06,29081888694.63568,32612780671.2121,Prime
209,2017-06,3615864312.609619,4194282374.242425,Subprime
209,2017-06,949285827.1676569,1108789146.464647,Deep subprime
209,2017-06,98820236217.81653,114586081483.8384,Super-prime
210,2017-07,10640692450.27168,10999274988.38384,Near-prime
210,2017-07,28369105404.06646,30638576745.45455,Prime
210,2017-07,3263817725.015504,3251316253.535354,Subprime
210,2017-07,895785759.5815541,857887373.2323232,Deep subprime
210,2017-07,94908865298.02199,107709352221.2121,Super-prime
211,2017-08,10540604893.8671,11785545410.10101,Near-prime
211,2017-08,30253288414.24532,33425794347.47475,Prime
211,2017-08,3418827446.224946,3635160947.9798,Subprime
211,2017-08,938997635.4915653,957012780.3030308,Deep subprime
211,2017-08,98326458111.08868,115254673746.4646,Super-prime
212,2017-09,10955082091.55702,11280557070.20202,Near-prime
212,2017-09,1176856239.993883,1269563211.111111,Deep subprime
212,2017-09,30119476104.4855,31076378010.10102,Prime
212,2017-09,3434530858.650256,3763485922.222222,Subprime
212,2017-09,95866480754.9024,101596620726.7677,Super-prime
213,2017-10,100670525828.9027,109307030556.5657,Super-prime
213,2017-10,11037971668.7325,11195547585.85858,Near-prime
213,2017-10,29702797617.41419,31689452927.77777,Prime
213,2017-10,3629153341.584512,3732201203.535354,Subprime
213,2017-10,914779757.3475715,934896214.1414145,Deep subprime
214,2017-11,104139180395.3018,100903593770.2021,Super-prime
214,2017-11,10570537446.50172,9980868230.303026,Near-prime
214,2017-11,1091637505.215342,1007170544.949495,Deep subprime
214,2017-11,30112830128.80347,28932970620.70707,Prime
214,2017-11,3685115554.53831,3528027662.121213,Subprime
215,2017-12,102325490886.6941,97524177861.11111,Super-prime
215,2017-12,1030744300.162608,1149593259.59596,Deep subprime
215,2017-12,11062567927.92272,11173972300.50506,Near-prime
215,2017-12,29707601471.90175,28537784113.63638,Prime
215,2017-12,3500122651.637928,3673353624.242427,Subprime
216,2018-01,103753183549.5502,76014246245.95961,Super-prime
216,2018-01,10587121947.97351,8558170470.707069,Near-prime
216,2018-01,30553844272.62112,24301233002.52525,Prime
216,2018-01,3625166850.060265,2713784521.212122,Subprime
216,2018-01,706016563.521453,565809916.6666667,Deep subprime
217,2018-02,10105782279.65326,8082955345.9596,Near-prime
217,2018-02,101991682723.2991,75471979483.33333,Super-prime
217,2018-02,28549719292.29321,23176930626.26262,Prime
217,2018-02,3252504688.665898,2742267684.848485,Subprime
217,2018-02,882087108.3393278,750349732.3232327,Deep subprime
218,2018-03,100006937879.7875,92841888764.64647,Super-prime
218,2018-03,10286725516.02124,10553651458.58586,Near-prime
218,2018-03,28704223043.99917,28588543558.0808,Prime
218,2018-03,3746368393.304219,4169410834.848486,Subprime
218,2018-03,927485747.8346494,1121546610.606061,Deep subprime
219,2018-04,28148918073.08864,27705742919.69696,Prime
219,2018-04,3508259240.212698,3198650884.848486,Subprime
219,2018-04,895236211.4634024,786459965.151515,Deep subprime
219,2018-04,9626452055.703478,9401579069.69697,Near-prime
219,2018-04,96923213206.37721,94609574552.52528,Super-prime
220,2018-05,10012285194.62,10763542555.0505,Near-prime
220,2018-05,28140034603.87403,30729706868.68687,Prime
220,2018-05,3586808526.819703,3704114649.999999,Subprime
220,2018-05,934539620.3774062,924380131.8181816,Deep subprime
220,2018-05,97345857205.11887,105904963573.7374,Super-prime
221,2018-06,10845140593.95727,12365373083.83838,Near-prime
221,2018-06,28050498562.89786,31063090301.51516,Prime
221,2018-06,3545284910.388139,4029348662.626261,Subprime
221,2018-06,95922609331.63548,110680802177.7778,Super-prime
221,2018-06,964754733.9336846,1117839053.030303,Deep subprime
222,2018-07,27457471105.72488,29489543666.66668,Prime
222,2018-07,3634959102.101489,3637601392.929293,Subprime
222,2018-07,923629268.6616108,865336795.4545455,Deep subprime
222,2018-07,92390936386.51497,105074476509.0909,Super-prime
222,2018-07,9759638472.951128,10227436166.66666,Near-prime
223,2018-08,10215176778.73378,11412413540.9091,Near-prime
223,2018-08,28134071014.4372,31143501368.68687,Prime
223,2018-08,3623296153.14284,3896811496.969697,Subprime
223,2018-08,90187843922.45352,105197104995.4546,Super-prime
223,2018-08,914525411.2462244,943229193.939394,Deep subprime
224,2018-09,24845005058.91031,25711971924.24242,Prime
224,2018-09,3442391632.927755,3753701437.373736,Subprime
224,2018-09,74658070165.86021,79716288087.37375,Super-prime
224,2018-09,9151879923.507387,9333987159.595963,Near-prime
224,2018-09,955120855.6088392,1019861109.59596,Deep subprime
225,2018-10,25124075406.87956,26975981366.1616,Prime
225,2018-10,3046627349.376359,3131495303.535353,Subprime
225,2018-10,83112084685.92426,90928787464.64647,Super-prime
225,2018-10,955453802.9133946,970738318.6868691,Deep subprime
225,2018-10,9982535329.095549,10185521737.87878,Near-prime
226,2018-11,25635511434.46777,24764738643.9394,Prime
226,2018-11,3395912363.939125,3296235035.353537,Subprime
226,2018-11,83718322497.35632,80127326162.12125,Super-prime
226,2018-11,8889357575.819271,8483301084.848481,Near-prime
226,2018-11,902194479.445787,840775966.1616161,Deep subprime
227,2018-12,23917669951.70643,22664924458.58585,Prime
227,2018-12,3251292046.820838,3357229859.090911,Subprime
227,2018-12,82655524988.77083,77142565420.20201,Super-prime
227,2018-12,8630873198.361906,8761527610.101009,Near-prime
227,2018-12,994889560.9464594,1105393282.323233,Deep subprime
228,2019-01,23396244351.76571,18843192084.34344,Prime
228,2019-01,3382826148.869494,2653076120.20202,Subprime
228,2019-01,7615536503.393932,6235960191.919189,Near-prime
228,2019-01,86277161718.57344,63291153057.07065,Super-prime
228,2019-01,910047614.2107302,762310507.0707072,Deep subprime
229,2019-02,1108155606.412631,950491553.0303029,Deep subprime
229,2019-02,28182107323.4904,23094772622.22223,Prime
229,2019-02,3884100898.132142,3314732517.676769,Subprime
229,2019-02,96267194219.96523,73723656002.5253,Super-prime
229,2019-02,9764304522.393295,7915382771.717175,Near-prime
230,2019-03,1257286884.12967,1484775311.111111,Deep subprime
230,2019-03,27369199485.01756,27386924515.65657,Prime
230,2019-03,3590025358.831646,3927667129.797979,Subprime
230,2019-03,98041770670.36685,93352648084.34346,Super-prime
230,2019-03,9968990720.054811,10216631828.28283,Near-prime
231,2019-04,10999390613.80169,10764593817.17172,Near-prime
231,2019-04,116209522507.0838,114678273643.4343,Super-prime
231,2019-04,1241375600.39854,1121556618.181819,Deep subprime
231,2019-04,31940190905.86889,31392542688.88889,Prime
231,2019-04,4056871523.158655,3740496292.929294,Subprime
232,2019-05,11456083963.91061,12043480520.70707,Near-prime
232,2019-05,1228326254.209397,1207133216.666667,Deep subprime
232,2019-05,125599320680.166,136787315243.9394,Super-prime
232,2019-05,33394226820.30568,36489935644.94948,Prime
232,2019-05,4200778603.105946,4288320810.606059,Subprime
233,2019-06,11053152430.0557,12373447661.61616,Near-prime
233,2019-06,118309065717.3971,134783012318.6869,Super-prime
233,2019-06,1436296250.742336,1631907944.444445,Deep subprime
233,2019-06,34072140552.56665,37448102572.22221,Prime
233,2019-06,4401434013.233096,4830555487.878788,Subprime
234,2019-07,12198058852.63917,12984432657.57575,Near-prime
234,2019-07,1352192850.097575,1252970183.333333,Deep subprime
234,2019-07,146421074135.7516,163996300634.3434,Super-prime
234,2019-07,37493048351.7865,40097285815.65657,Prime
234,2019-07,4668395443.357959,4708042078.787879,Subprime
235,2019-08,12672846360.26673,14157152880.80809,Near-prime
235,2019-08,1414036315.394591,1489739613.131313,Deep subprime
235,2019-08,150679407906.6628,170874630666.1616,Super-prime
235,2019-08,38256450151.58918,42177113999.49495,Prime
235,2019-08,4623957148.740056,5054276365.656564,Subprime
236,2019-09,13066196571.42632,13199049895.45455,Near-prime
236,2019-09,1393831886.593368,1470032762.121212,Deep subprime
236,2019-09,165652782549.411,178750753995.4547,Super-prime
236,2019-09,40912120787.03446,42411336664.14144,Prime
236,2019-09,4558112538.949858,4986250334.848481,Subprime
237,2019-10,13147931680.52114,13498753382.82828,Near-prime
237,2019-10,1512329358.291912,1523996255.555555,Deep subprime
237,2019-10,169769410830.567,184900346434.8484,Super-prime
237,2019-10,42373727122.68329,45330335848.98989,Prime
237,2019-10,4577930552.477075,4690232962.626265,Subprime
238,2019-11,13332211905.67224,12727361861.11111,Near-prime
238,2019-11,1359937666.979402,1288942845.454545,Deep subprime
238,2019-11,170213930163.9731,159958860297.4747,Super-prime
238,2019-11,41070302425.47399,39556789253.03033,Prime
238,2019-11,4470837303.96479,4361140999.494948,Subprime
239,2019-12,12943401113.4597,13110480213.63636,Near-prime
239,2019-12,1585095020.173878,1724208809.090908,Deep subprime
239,2019-12,173586872482.4295,161865590923.7375,Super-prime
239,2019-12,40997722360.18523,38478961198.98991,Prime
239,2019-12,5182318557.118754,5243057716.161617,Subprime
240,2020-01,13367968836.43554,11013443248.48485,Near-prime
240,2020-01,1549488609.681014,1350648248.484849,Deep subprime
240,2020-01,181860889318.2926,135848907106.5656,Super-prime
240,2020-01,42145199523.21731,34320322805.55554,Prime
240,2020-01,4549526776.842143,3705813477.272728,Subprime
241,2020-02,12988694409.54064,10718052708.58586,Near-prime
241,2020-02,1540834309.454669,1345970815.656565,Deep subprime
241,2020-02,190095363383.0359,150692162763.1314,Super-prime
241,2020-02,42829281512.09095,35557201095.45454,Prime
241,2020-02,4434798822.278436,3804287181.313132,Subprime
242,2020-03,12340402816.68233,12795835639.89899,Near-prime
242,2020-03,1279894896.457079,1457409645.959596,Deep subprime
242,2020-03,211479208559.3618,210080394806.0606,Super-prime
242,2020-03,4039155213.916205,4355111815.656565,Subprime
242,2020-03,43114102858.95088,43675702417.67676,Prime
243,2020-04,12971258962.24688,12674105981.81818,Near-prime
243,2020-04,1297402506.289985,1216965790.404041,Deep subprime
243,2020-04,250708387947.4694,251883598551.01,Super-prime
243,2020-04,3893764071.284394,3683440338.38384,Subprime
243,2020-04,44813124068.28467,44281735885.8586,Prime
244,2020-05,10942352628.63343,11372354776.26262,Near-prime
244,2020-05,1402682936.877544,1360325426.262626,Deep subprime
244,2020-05,238273572915.4372,258044767889.3939,Super-prime
244,2020-05,3162248926.151883,3211723891.414142,Subprime
244,2020-05,41294028299.09285,45059244964.1414,Prime
245,2020-06,11806785544.83222,13067198296.9697,Near-prime
245,2020-06,261516879383.3238,293719119706.5656,Super-prime
245,2020-06,3588791859.15448,3800229455.555557,Subprime
245,2020-06,47124030943.00496,51876837907.57579,Prime
245,2020-06,987417269.7832805,1094616188.383838,Deep subprime
246,2020-07,12691567563.63323,13645011631.31313,Near-prime
246,2020-07,1300596165.225178,1218913977.777778,Deep subprime
246,2020-07,282158959819.9892,306486694610.6061,Super-prime
246,2020-07,3577130831.926182,3639460653.030303,Subprime
246,2020-07,50768113548.36712,53933666786.36362,Prime
247,2020-08,1013722805.800277,1094555807.575757,Deep subprime
247,2020-08,11923399453.07004,13258588651.51515,Near-prime
247,2020-08,285556312552.343,316282720469.192,Super-prime
247,2020-08,3526454118.463403,3910421709.090911,Subprime
247,2020-08,49511815939.15663,54198137243.9394,Prime
248,2020-09,12627653186.48807,12704766191.91919,Near-prime
248,2020-09,307741085442.3295,333612206697.475,Super-prime
248,2020-09,3693067477.751925,4047426814.646464,Subprime
248,2020-09,52077704867.52997,54090085940.40407,Prime
248,2020-09,818739287.4677311,850621321.7171723,Deep subprime
249,2020-10,13736474098.55543,14057478747.9798,Near-prime
249,2020-10,333421719567.8967,357377036414.6463,Super-prime
249,2020-10,4044259007.913025,4135306060.606061,Subprime
249,2020-10,56610558860.24167,59722776335.35353,Prime
249,2020-10,957770450.5501231,966675078.7878789,Deep subprime
250,2020-11,14425620536.96834,13687824141.91918,Near-prime
250,2020-11,331749042934.6295,306734700604.0404,Super-prime
250,2020-11,3681492600.708058,3562741509.595962,Subprime
250,2020-11,57637543285.89458,54844191226.26264,Prime
250,2020-11,977304370.462381,941282345.4545453,Deep subprime
251,2020-12,1084931486.221599,1132818771.212121,Deep subprime
251,2020-12,15329049038.25199,15464757869.19193,Near-prime
251,2020-12,357986619288.1926,339013503169.1921,Super-prime
251,2020-12,3821953374.03471,3795430126.767679,Subprime
251,2020-12,65324831493.24531,61155987305.05051,Prime
252,2021-01,1172265146.141105,1063358027.777778,Deep subprime
252,2021-01,15578952709.41146,12879957150.50504,Near-prime
252,2021-01,395262964157.1049,298780274494.9495,Super-prime
252,2021-01,4384302487.032816,3686870405.555554,Subprime
252,2021-01,62746542689.52222,51470145652.02025,Prime
253,2021-02,1143998426.884607,1016798882.323232,Deep subprime
253,2021-02,15132805707.89849,12725600182.82829,Near-prime
253,2021-02,383772638287.7835,313468282332.8283,Super-prime
253,2021-02,4174786073.350042,3582841112.626262,Subprime
253,2021-02,63244468802.65557,53100470963.13134,Prime
254,2021-03,1023380859.809579,1127345122.727273,Deep subprime
254,2021-03,15306114060.67101,16048315586.86868,Near-prime
254,2021-03,360178419239.3921,371174601767.1715,Super-prime
254,2021-03,4100066536.902786,4377364687.878789,Subprime
254,2021-03,61347457499.87715,63094293881.31311,Prime
255,2021-04,1215348775.165462,1170167096.464646,Deep subprime
255,2021-04,15386468054.88016,15114089357.57576,Near-prime
255,2021-04,306674379814.1467,308824265171.7173,Super-prime
255,2021-04,4204967435.739165,4084700457.575758,Subprime
255,2021-04,57662856309.23908,57620747496.46465,Prime
256,2021-05,1091580412.641948,1052174179.79798,Deep subprime
256,2021-05,14948009541.39104,15381481781.81818,Near-prime
256,2021-05,244816921214.2925,268490754225.2527,Super-prime
256,2021-05,3928752712.957491,3985581327.777777,Subprime
256,2021-05,50968639196.81409,55717806590.40406,Prime
257,2021-06,1115778950.500116,1188451922.727273,Deep subprime
257,2021-06,15327845930.91174,16875869725.75758,Near-prime
257,2021-06,259722938366.4644,291398718627.7778,Super-prime
257,2021-06,4079962852.674635,4195402933.838386,Subprime
257,2021-06,56327623416.2194,62273246928.28284,Prime
258,2021-07,1077976960.586057,1032298032.828283,Deep subprime
258,2021-07,16009610020.12072,17267847111.11111,Near-prime
258,2021-07,248978538712.9025,260599373294.4443,Super-prime
258,2021-07,4112487689.405774,4190655119.191918,Subprime
258,2021-07,55691674837.51411,58612354252.52526,Prime
259,2021-08,1171599331.787664,1299483196.464646,Deep subprime
259,2021-08,15031314557.43247,16723286407.0707,Near-prime
259,2021-08,253981061151.0521,280443429971.2121,Super-prime
259,2021-08,3947774124.217553,4452281016.161616,Subprime
259,2021-08,57490863232.76563,62642603948.98991,Prime
260,2021-09,1123270159.409969,1165199871.212121,Deep subprime
260,2021-09,15698248575.317,15775925102.0202,Near-prime
260,2021-09,257027486258.3192,277118386187.879,Super-prime
260,2021-09,4268788411.038873,4686548619.191921,Subprime
260,2021-09,58998426997.27103,61121807793.93938,Prime
261,2021-10,1205627391.484109,1215782816.161616,Deep subprime
261,2021-10,15951629363.63703,16184839770.70706,Near-prime
261,2021-10,250313186888.0557,260552431546.4646,Super-prime
261,2021-10,4362535509.175021,4467176154.040405,Subprime
261,2021-10,57138572558.28086,59332974714.14143,Prime
262,2021-11,1223526122.578613,1198052198.484849,Deep subprime
262,2021-11,16629284153.3931,15641675039.899,Near-prime
262,2021-11,261843497817.0392,239700405487.3738,Super-prime
262,2021-11,4799484483.353867,4595051995.454547,Subprime
262,2021-11,60603698929.07227,56801811960.101,Prime
263,2021-12,15592268467.11004,15677680030.30304,Near-prime
263,2021-12,240858229108.6025,231446922378.7879,Super-prime
263,2021-12,4718594355.650769,4596536443.434345,Subprime
263,2021-12,56885414872.74606,53475651441.9192,Prime
263,2021-12,945525553.4927552,948278521.7171719,Deep subprime
264,2022-01,1057774280.403629,980025123.2323233,Deep subprime
264,2022-01,15092825115.32385,12432476432.82829,Near-prime
264,2022-01,229735030597.3839,173399501304.5455,Super-prime
264,2022-01,4194093115.581734,3594438634.343435,Subprime
264,2022-01,54093008262.82629,44494034438.88889,Prime
265,2022-02,14310627269.59346,12211815102.02021,Near-prime
265,2022-02,199813472951.6339,165697004545.9595,Super-prime
265,2022-02,3724946333.316719,3183699746.969697,Subprime
265,2022-02,50740322192.2802,42877383865.65656,Prime
265,2022-02,887290977.7785966,794698482.8282827,Deep subprime
266,2022-03,13613772858.76344,14429007331.8182,Near-prime
266,2022-03,182389894862.6065,190116313896.9698,Super-prime
266,2022-03,3809494825.344854,4031858105.555555,Subprime
266,2022-03,46661666531.85369,48642296172.22221,Prime
266,2022-03,963729718.0450747,1038452849.49495,Deep subprime
267,2022-04,12144829595.81108,11949866128.28282,Near-prime
267,2022-04,168582033757.4451,171655225696.4646,Super-prime
267,2022-04,3358615502.643744,3340211381.818185,Subprime
267,2022-04,42961576776.01339,43340806697.97981,Prime
267,2022-04,834126570.7425886,819554969.1919192,Deep subprime
268,2022-05,10856884498.49864,11158540526.76767,Near-prime
268,2022-05,141502257378.6773,158321956717.1718,Super-prime
268,2022-05,3217228927.074066,3290040310.606059,Subprime
268,2022-05,37144929403.81616,40845188491.41413,Prime
268,2022-05,748357079.7295972,716350415.6565655,Deep subprime
269,2022-06,10558609631.45216,11665874818.18182,Near-prime
269,2022-06,131900553246.7726,149695036607.5757,Super-prime
269,2022-06,2974718976.819236,3017470576.767676,Subprime
269,2022-06,34971635655.44726,38890005951.01012,Prime
269,2022-06,727738275.5397086,750348138.3838387,Deep subprime
270,2022-07,10038322540.77788,10816981234.84848,Near-prime
270,2022-07,117363142198.9912,120189161646.4647,Super-prime
270,2022-07,30818484781.61166,32089106714.64647,Prime
270,2022-07,3145196391.093754,3191809254.040403,Subprime
270,2022-07,738648363.3412936,721456396.4646462,Deep subprime
271,2022-08,10050539027.23722,11172239666.66667,Near-prime
271,2022-08,109029684942.2596,121444009448.99,Super-prime
271,2022-08,29279160383.55394,31881113647.47474,Prime
271,2022-08,3156504726.081861,3595966167.171715,Subprime
271,2022-08,748737062.5465002,848313934.3434343,Deep subprime
272,2022-09,10226901549.10435,10297662494.94949,Near-prime
272,2022-09,104116604926.9682,110799603779.798,Super-prime
272,2022-09,27601326442.48148,28527433524.24244,Prime
272,2022-09,2930344673.643503,3206509160.101011,Subprime
272,2022-09,881131814.0087478,914775985.3535354,Deep subprime
273,2022-10,24463239070.13075,24995467730.30302,Prime
273,2022-10,2616694013.021926,2683976546.464647,Subprime
273,2022-10,617128103.3648777,624588874.2424247,Deep subprime
273,2022-10,8705860710.093386,8732683368.181816,Near-prime
273,2022-10,92981812202.5849,94352478146.46461,Super-prime
274,2022-11,22383819332.55096,20718614426.76769,Prime
274,2022-11,2463042335.514166,2341527845.959597,Subprime
274,2022-11,705638530.2638272,702002439.3939395,Deep subprime
274,2022-11,7311213679.369412,6823483771.212123,Near-prime
274,2022-11,83779912134.83499,75431136207.57579,Super-prime
275,2022-12,21524808459.42582,20329514560.101,Prime
275,2022-12,2213198649.570126,2129269117.171718,Subprime
275,2022-12,610316572.3110435,590646306.0606064,Deep subprime
275,2022-12,6362468868.816833,6379033295.959596,Near-prime
275,2022-12,80335093722.82233,77788050256.56567,Super-prime
276,2023-01,17846383546.89666,14695158110.60606,Prime
276,2023-01,1870760539.366096,1621775552.020201,Subprime
276,2023-01,568792305.0087574,532420319.1919191,Deep subprime
276,2023-01,6645461700.280005,5457203303.030309,Near-prime
276,2023-01,72755977947.93127,54027901462.12122,Super-prime
277,2023-02,19920156927.52514,16868258162.62628,Prime
277,2023-02,2155826505.110432,1830132480.808081,Subprime
277,2023-02,7063460465.545142,6086291475.757577,Near-prime
277,2023-02,723293032.334767,646300450.5050508,Deep subprime
277,2023-02,75412559932.96326,63366317029.79798,Super-prime
278,2023-03,21682542435.9797,22768948302.52526,Prime
278,2023-03,2347129312.001656,2473710494.444443,Subprime
278,2023-03,561764225.2015988,601799925.7575756,Deep subprime
278,2023-03,7561537780.713099,8061727651.515147,Near-prime
278,2023-03,88798981198.23866,92297625127.27274,Super-prime
279,2023-04,21578242357.46576,21967876949.99999,Prime
279,2023-04,2452288381.989224,2471329443.939394,Subprime
279,2023-04,469426788.4483587,465315060.6060608,Deep subprime
279,2023-04,6852867924.440925,6754110359.595959,Near-prime
279,2023-04,81363151680.78819,83304655264.14145,Super-prime
280,2023-05,24012695053.7311,26538732658.0808,Prime
280,2023-05,2489729820.98944,2565350495.959595,Subprime
280,2023-05,640978409.4072114,611621193.4343433,Deep subprime
280,2023-05,7848581854.125357,8055698962.626264,Near-prime
280,2023-05,92411392150.85634,106365987344.4445,Super-prime
281,2023-06,23509726325.24031,26267377175.75758,Prime
281,2023-06,2849703379.244489,2867412820.202019,Subprime
281,2023-06,649475297.5631841,654021113.636364,Deep subprime
281,2023-06,7833213145.86252,8702687262.626257,Near-prime
281,2023-06,96341251500.29439,110536177648.9899,Super-prime
282,2023-07,1990680336.16163,2016763676.767676,Subprime
282,2023-07,22497432330.79992,23251453103.53535,Prime
282,2023-07,6996110764.222563,7528361415.151519,Near-prime
282,2023-07,718420688.7940058,708464598.4848483,Deep subprime
282,2023-07,93794395741.13461,95285437645.45457,Super-prime
283,2023-08,22284054632.08344,24267207571.21212,Prime
283,2023-08,2235351664.652138,2560542051.515152,Subprime
283,2023-08,642157096.1371787,736716309.0909089,Deep subprime
283,2023-08,7273377326.638558,8097340243.939395,Near-prime
283,2023-08,92371259661.59752,103815090869.1919,Super-prime
284,2023-09,1821224283.984423,1992405094.444444,Subprime
284,2023-09,20648670481.12677,21299461289.899,Prime
284,2023-09,629909532.0140851,656441704.0404037,Deep subprime
284,2023-09,7082162548.130061,7131679769.191921,Near-prime
284,2023-09,82509215411.32993,86752470759.09096,Super-prime
285,2023-10,20329133384.32113,20559834431.81818,Prime
285,2023-10,2082739232.015599,2132132395.959596,Subprime
285,2023-10,6412201218.169191,6403712453.030304,Near-prime
285,2023-10,642153929.4122301,651746824.7474746,Deep subprime
285,2023-10,82485633965.8652,82255432654.04036,Super-prime
286,2023-11,19536809659.52145,18005252348.98991,Prime
286,2023-11,1973349698.0692,1876193390.909091,Subprime
286,2023-11,538076036.1279279,543577091.9191917,Deep subprime
286,2023-11,5834293214.167241,5416627570.202019,Near-prime
286,2023-11,81338741762.96483,72362084356.06065,Super-prime
287,2023-12,18906100928.73489,17885578769.69698,Prime
287,2023-12,1984805347.791737,1898165307.575758,Subprime
287,2023-12,5813690311.484028,5810367546.9697,Near-prime
287,2023-12,624350988.6979201,591318769.1919193,Deep subprime
287,2023-12,69701250850.66394,67530901022.72726,Super-prime
288,2024-01,20375433637.57815,16763123606.88311,Prime
288,2024-01,2367374836.719731,2054663315.884599,Subprime
288,2024-01,663514829.369339,619613982.1092813,Deep subprime
288,2024-01,7467565674.130305,6101446582.288965,Near-prime
288,2024-01,83837607605.08278,61545494103.01707,Super-prime
289,2024-02,22978622055.16983,19451647991.95188,Prime
289,2024-02,2525709795.27037,2129720124.819542,Subprime
289,2024-02,733891939.3602098,652184130.930868,Deep subprime
289,2024-02,8156560257.347263,7058680728.94281,Near-prime
289,2024-02,88229315806.3947,74586284372.17485,Super-prime
290,2024-03,20631514675.94392,21751031755.89825,Prime
290,2024-03,2270925333.273794,2390681267.401924,Subprime
290,2024-03,6918242743.733718,7417417785.156872,Near-prime
290,2024-03,763451603.6789424,822354146.3138108,Deep subprime
290,2024-03,86964345412.79881,89738809031.05202,Super-prime
291,2024-04,22100830217.70849,22603464930.48274,Prime
291,2024-04,2522867823.779197,2559212572.484549,Subprime
291,2024-04,771484105.3669032,767371669.0568691,Deep subprime
291,2024-04,8288598177.089798,8158347465.479419,Near-prime
291,2024-04,95525114791.68832,98793989976.71405,Super-prime
292,2024-05,22422105704.29135,24821818146.3816,Prime
292,2024-05,2933952296.060956,3040460469.319043,Subprime
292,2024-05,7616493072.84264,7830044974.537093,Near-prime
292,2024-05,810430114.9596626,769056206.0481236,Deep subprime
292,2024-05,95051284960.89696,111017010740.2738,Super-prime
293,2024-06,21043271282.59679,23589416935.90511,Prime
293,2024-06,2607861672.331078,2616621128.818556,Subprime
293,2024-06,7376624417.297135,8230579847.079728,Near-prime
293,2024-06,757309416.1112952,757965337.0313472,Deep subprime
293,2024-06,90274883456.63516,103915384854.8652,Super-prime
