month,date,vol,vol_unadj,age_group
72,2006-01,21626983520.20224,15682081730.80808,Younger than 30
72,2006-01,75416861505.10208,70458793477.2728,Age 45-64
72,2006-01,87324037548.42101,75420716288.3838,Age 30-44
72,2006-01,9380899712.285482,9250637650.505051,Age 65 and older
73,2006-02,22262047480.2425,17726295584.34344,Younger than 30
73,2006-02,76333313889.78461,72564221220.70709,Age 45-64
73,2006-02,87757742905.71928,79712767545.45454,Age 30-44
73,2006-02,9915922848.373426,10205618482.32323,Age 65 and older
74,2006-03,24122121809.13754,25097012299.49495,Younger than 30
74,2006-03,76944599333.57787,93030332218.68681,Age 45-64
74,2006-03,87661990141.336,103440069872.2223,Age 30-44
74,2006-03,9743962341.58251,12401370236.36364,Age 65 and older
75,2006-04,22179100833.93019,22473729209.59597,Younger than 30
75,2006-04,72378503978.52968,82394550286.36365,Age 45-64
75,2006-04,82871321282.48714,90233058957.07068,Age 30-44
75,2006-04,9459542352.599218,11044083537.37374,Age 65 and older
76,2006-05,10397142260.96389,12401201524.24242,Age 65 and older
76,2006-05,23382777498.77589,26428642084.84848,Younger than 30
76,2006-05,76275576071.68161,89385015223.23227,Age 45-64
76,2006-05,89615064387.508,101933600550.5051,Age 30-44
77,2006-06,10889865761.80667,11750915796.46464,Age 65 and older
77,2006-06,23711151171.06638,27388378846.46465,Younger than 30
77,2006-06,81735802780.59624,91673091544.44449,Age 45-64
77,2006-06,94788057972.13556,108193778734.3433,Age 30-44
78,2006-07,12007470056.72196,11200139825.75757,Age 65 and older
78,2006-07,22303733257.83544,24197458767.67677,Younger than 30
78,2006-07,84849327772.3987,81027153131.81819,Age 45-64
78,2006-07,93422787797.04311,93309199330.30302,Age 30-44
79,2006-08,104294394951.6716,103610877360.606,Age 30-44
79,2006-08,13332939874.16033,12334262310.10102,Age 65 and older
79,2006-08,24735205222.99071,26882781012.12121,Younger than 30
79,2006-08,94726721801.57684,89220997718.18172,Age 45-64
80,2006-09,101559336942.3702,81880162247.47473,Age 45-64
80,2006-09,107880496544.8318,92147241787.37376,Age 30-44
80,2006-09,14481323506.72735,11525981418.18181,Age 65 and older
80,2006-09,24380613140.80361,23388151434.84848,Younger than 30
81,2006-10,103339070716.5799,96347856043.93941,Age 30-44
81,2006-10,14020017907.25207,12083758336.36363,Age 65 and older
81,2006-10,24004068891.7412,25094091778.78789,Younger than 30
81,2006-10,99576350494.80827,90756281535.35355,Age 45-64
82,2006-11,13454106966.20023,11750627167.67677,Age 65 and older
82,2006-11,24012297750.13017,23729258192.42425,Younger than 30
82,2006-11,91782034075.44762,81876549312.62622,Age 45-64
82,2006-11,98200986624.10211,90580430666.16159,Age 30-44
83,2006-12,13764352040.19094,12160266371.21212,Age 65 and older
83,2006-12,23991998631.69688,23530051240.40402,Younger than 30
83,2006-12,92315219114.46724,89179123860.60603,Age 45-64
83,2006-12,98077007657.51747,96676692031.31316,Age 30-44
84,2007-01,12884010557.57069,12799741825.25253,Age 65 and older
84,2007-01,23927963253.65312,17306573501.51515,Younger than 30
84,2007-01,87769524012.0889,83020572846.46469,Age 45-64
84,2007-01,92941817195.745,80152758291.41417,Age 30-44
85,2007-02,11365550592.9578,11778699486.86869,Age 65 and older
85,2007-02,21030551855.08882,16679587830.30302,Younger than 30
85,2007-02,80185569962.47267,75993236761.61624,Age 45-64
85,2007-02,83516571403.08269,75620602675.75757,Age 30-44
86,2007-03,11418542300.36854,14392028376.76768,Age 65 and older
86,2007-03,20148997077.69042,20798698559.09091,Younger than 30
86,2007-03,74222420624.46754,89061505038.38383,Age 45-64
86,2007-03,76467896311.24156,89647020447.97972,Age 30-44
87,2007-04,11575074074.33735,13475983172.22223,Age 65 and older
87,2007-04,19212120486.79862,19587719155.55555,Younger than 30
87,2007-04,72323403903.49515,82856649073.23235,Age 45-64
87,2007-04,76141948808.11722,83677929202.0202,Age 30-44
88,2007-05,11508604319.68322,13559418088.38383,Age 65 and older
88,2007-05,19951292434.07964,22414277509.59596,Younger than 30
88,2007-05,73725142603.71332,85805086643.43434,Age 45-64
88,2007-05,76284933619.09195,85905962555.55559,Age 30-44
89,2007-06,11251544132.81345,12185926793.43434,Age 65 and older
89,2007-06,18254130436.89138,21188603533.33334,Younger than 30
89,2007-06,74745001060.18927,83092267697.97977,Age 45-64
89,2007-06,75832239465.14841,85718757228.7879,Age 30-44
90,2007-07,11334008134.0347,10549647832.82827,Age 65 and older
90,2007-07,17936125585.08043,19451948547.47473,Younger than 30
90,2007-07,73458459347.43471,70529289642.42419,Age 45-64
90,2007-07,76847894623.92488,77054652331.81813,Age 30-44
91,2007-08,10543342324.85041,9762529708.585865,Age 65 and older
91,2007-08,18340855719.74486,19650748165.15151,Younger than 30
91,2007-08,71708155912.57187,70726128862.62624,Age 30-44
91,2007-08,73263719233.48705,67833930750.50502,Age 45-64
92,2007-09,14914087898.98267,14398204520.20202,Younger than 30
92,2007-09,62125311861.39361,53216097317.17172,Age 30-44
92,2007-09,62711860920.0659,50598606868.68688,Age 45-64
92,2007-09,9310738844.66662,7423233143.939395,Age 65 and older
93,2007-10,15643212516.43366,16508724437.37373,Younger than 30
93,2007-10,60700661230.12442,57539295059.59594,Age 30-44
93,2007-10,61460853022.08817,56439445519.19192,Age 45-64
93,2007-10,9759860609.750383,8463865527.272722,Age 65 and older
94,2007-11,14580547962.09768,14585905317.67676,Younger than 30
94,2007-11,58569006514.6591,55635706089.89898,Age 30-44
94,2007-11,59298778468.76624,54425814659.59598,Age 45-64
94,2007-11,9448020806.838673,8379636674.242427,Age 65 and older
95,2007-12,15064661549.79021,14976384972.72728,Younger than 30
95,2007-12,55100273086.83539,54582235021.71719,Age 45-64
95,2007-12,56169187963.83467,56339082424.74745,Age 30-44
95,2007-12,8163060352.426453,7379326560.606064,Age 65 and older
96,2008-01,14019295930.62869,10099935768.18182,Younger than 30
96,2008-01,53186531861.08945,51284583653.53535,Age 45-64
96,2008-01,56496967588.60532,48494224714.14142,Age 30-44
96,2008-01,8352920839.739111,8433826004.0404,Age 65 and older
97,2008-02,10418869832.7162,10829390138.38383,Age 65 and older
97,2008-02,17953729443.69915,14117227693.93939,Younger than 30
97,2008-02,75524259038.1279,70911057893.43434,Age 45-64
97,2008-02,80775538396.02852,71942108356.06065,Age 30-44
98,2008-03,14929383919.30392,15093728258.08079,Younger than 30
98,2008-03,56783249577.37852,66866188111.61623,Age 45-64
98,2008-03,58806227511.44786,67857559843.43437,Age 30-44
98,2008-03,8852539746.277088,10971923821.21212,Age 65 and older
99,2008-04,14480451623.29055,14782214150.50505,Younger than 30
99,2008-04,55981920313.29057,61358174186.36365,Age 30-44
99,2008-04,57077741903.87227,64858402495.45456,Age 45-64
99,2008-04,9034297834.447969,10343590398.98991,Age 65 and older
100,2008-05,13749223066.3473,15284744413.63637,Younger than 30
100,2008-05,50792852491.32062,57414862642.92931,Age 45-64
100,2008-05,51065049669.63551,55522211754.04041,Age 30-44
100,2008-05,7409112741.143635,8373870540.909091,Age 65 and older
101,2008-06,12993756893.03053,15110781253.53535,Younger than 30
101,2008-06,45838087719.99013,49424677883.33331,Age 45-64
101,2008-06,46961897473.26916,52429480933.33333,Age 30-44
101,2008-06,6926237444.53229,7430169831.818186,Age 65 and older
102,2008-07,13729199249.00706,14925989715.15152,Younger than 30
102,2008-07,45064490284.9733,43099291451.51516,Age 45-64
102,2008-07,46225429706.13316,45906889202.0202,Age 30-44
102,2008-07,6133659215.643169,5621932289.898987,Age 65 and older
103,2008-08,12901052003.65865,13604954165.15152,Younger than 30
103,2008-08,40223787267.04727,36740109553.03029,Age 45-64
103,2008-08,41772469781.42831,41209372666.16161,Age 30-44
103,2008-08,5903958813.7409,5544306061.61616,Age 65 and older
104,2008-09,13504927482.37328,13256604803.03031,Younger than 30
104,2008-09,41595898326.70877,34763496704.04041,Age 45-64
104,2008-09,43944486899.90358,38988187644.44445,Age 30-44
104,2008-09,6072855110.0377,5021123646.969697,Age 65 and older
105,2008-10,11811348219.11707,12671653940.90909,Younger than 30
105,2008-10,41319922977.31082,39044433006.06061,Age 45-64
105,2008-10,44623463428.64727,43792238690.40408,Age 30-44
105,2008-10,6157151533.339159,5457613446.9697,Age 65 and older
106,2008-11,26396778663.42418,25611258134.34344,Age 45-64
106,2008-11,27365740617.8608,27460980354.0404,Age 30-44
106,2008-11,4241176809.860061,3909140923.232326,Age 65 and older
106,2008-11,9242712989.807478,9396737582.323235,Younger than 30
107,2008-12,12180129737.23626,12294765866.66666,Younger than 30
107,2008-12,36266982433.28162,37826609098.48485,Age 45-64
107,2008-12,42630009145.25076,44337292671.21213,Age 30-44
107,2008-12,6095700084.998358,5786856325.252528,Age 65 and older
108,2009-01,14906996201.07633,10558722833.83838,Younger than 30
108,2009-01,59963853719.57172,59641573416.66666,Age 45-64
108,2009-01,75178540848.7285,64413700704.54545,Age 30-44
108,2009-01,9046969272.211082,9457603239.393932,Age 65 and older
109,2009-02,10834475390.20714,11063988433.83838,Age 65 and older
109,2009-02,16029652289.43828,12465907185.85858,Younger than 30
109,2009-02,80564554132.62976,73896005595.95964,Age 45-64
109,2009-02,85538207240.63673,73635738965.65654,Age 30-44
110,2009-03,10652753096.6138,12701951360.101,Age 65 and older
110,2009-03,14151313079.33599,14058861222.22222,Younger than 30
110,2009-03,69098293152.23241,75891043319.19193,Age 30-44
110,2009-03,71073996011.8181,80030583140.40405,Age 45-64
111,2009-04,11772883243.41724,12889269342.92929,Age 65 and older
111,2009-04,15519693454.32158,15783477026.76767,Younger than 30
111,2009-04,74642119479.53665,79327611810.60603,Age 30-44
111,2009-04,76172019193.81316,82506626530.80806,Age 45-64
112,2009-05,13930559413.54488,14772020109.59595,Age 65 and older
112,2009-05,14784876085.68229,16201659879.79798,Younger than 30
112,2009-05,78353088684.09537,80805757071.7171,Age 30-44
112,2009-05,82515786627.96767,88246622418.68684,Age 45-64
113,2009-06,13960144393.1779,14525125435.85858,Age 65 and older
113,2009-06,15914235057.30341,18434436924.74747,Younger than 30
113,2009-06,72651390228.39331,80366695990.90906,Age 30-44
113,2009-06,83015150601.37785,86494682998.48489,Age 45-64
114,2009-07,13361097204.50128,12140013417.17172,Age 65 and older
114,2009-07,15549027972.92731,16921291296.46463,Younger than 30
114,2009-07,67592846622.79329,66416581189.39394,Age 30-44
114,2009-07,74453724685.37575,70456149689.89896,Age 45-64
115,2009-08,14187147699.91225,14845359454.54546,Younger than 30
115,2009-08,50687961040.12096,51205071588.38385,Age 30-44
115,2009-08,57496393550.70591,53197474774.24242,Age 45-64
115,2009-08,9019553812.907228,8755538934.343431,Age 65 and older
116,2009-09,14142237949.30878,14247813730.30304,Younger than 30
116,2009-09,52865668704.62938,49230303616.66668,Age 30-44
116,2009-09,54468031070.09904,48231236095.45456,Age 45-64
116,2009-09,9658102987.228971,8401959152.020205,Age 65 and older
117,2009-10,15381410066.4221,16716044792.42423,Younger than 30
117,2009-10,51938299202.11449,53804617238.38383,Age 30-44
117,2009-10,52867001449.5239,52962012637.37375,Age 45-64
117,2009-10,8846101161.757416,8238423707.07071,Age 65 and older
118,2009-11,16083265840.85965,16610391012.12121,Younger than 30
118,2009-11,50247173873.60398,53730137672.72726,Age 30-44
118,2009-11,51435360765.6923,53565180587.37373,Age 45-64
118,2009-11,8175876654.805748,7991658543.939398,Age 65 and older
119,2009-12,12634097025.39717,12955239741.41415,Younger than 30
119,2009-12,51687395314.37419,55616114933.33334,Age 30-44
119,2009-12,53403855133.8672,58723132582.32323,Age 45-64
119,2009-12,9159007920.800348,9226863239.898991,Age 65 and older
120,2010-01,44852795376.34298,37940816249.49495,Age 30-44
120,2010-01,48142069777.65384,47980185049.49497,Age 45-64
120,2010-01,7747263099.332085,8230925320.20202,Age 65 and older
120,2010-01,9964674002.437212,6980023111.111112,Younger than 30
121,2010-02,10171628760.14278,7834106591.414142,Younger than 30
121,2010-02,40392301981.07026,33566313470.20203,Age 30-44
121,2010-02,45115393455.70283,40678390721.71719,Age 45-64
121,2010-02,7026873400.241323,6967359351.0101,Age 65 and older
122,2010-03,11503057763.37949,11122514648.48485,Younger than 30
122,2010-03,43519546329.95293,45052611388.88889,Age 30-44
122,2010-03,46142064695.99306,49191787383.33334,Age 45-64
122,2010-03,7693253319.706235,8790432509.595966,Age 65 and older
123,2010-04,12291245986.61824,12337382839.39393,Younger than 30
123,2010-04,44636683144.95787,44653507277.77777,Age 30-44
123,2010-04,47500176301.26807,47890087346.96972,Age 45-64
123,2010-04,7825499182.926543,8116294526.262625,Age 65 and older
124,2010-05,11442192535.80513,12407196103.0303,Younger than 30
124,2010-05,41950197905.37971,41774833127.27271,Age 45-64
124,2010-05,43994648688.72949,42781852486.86867,Age 30-44
124,2010-05,7502299116.796203,7366562154.545455,Age 65 and older
125,2010-06,11992404260.49634,13795462518.18181,Younger than 30
125,2010-06,52330869457.15412,52349882753.53536,Age 45-64
125,2010-06,52463983157.90836,57809061284.34343,Age 30-44
125,2010-06,8812914659.042919,8724189025.757582,Age 65 and older
126,2010-07,54017725435.27118,53006391476.26264,Age 30-44
126,2010-07,60679325649.29829,56884536065.6566,Age 45-64
126,2010-07,8648417312.835341,9458882529.797981,Younger than 30
126,2010-07,9837364278.754251,8936974047.474752,Age 65 and older
127,2010-08,12159466740.87634,12307636914.64646,Age 65 and older
127,2010-08,63480903413.32548,66936876731.81814,Age 30-44
127,2010-08,72746680817.70424,70893663069.69696,Age 45-64
127,2010-08,9557149637.18717,10098431362.12122,Younger than 30
128,2010-09,10925458478.20282,11248293772.22222,Younger than 30
128,2010-09,13894252703.37655,12867245199.49494,Age 65 and older
128,2010-09,73137771553.6067,72300866647.47478,Age 30-44
128,2010-09,80776881014.48633,77089921674.24248,Age 45-64
129,2010-10,10453661764.27314,11525301095.9596,Younger than 30
129,2010-10,13163797779.1427,13066682565.65656,Age 65 and older
129,2010-10,64528527259.16122,70310344425.75763,Age 30-44
129,2010-10,77652760901.06693,82753356103.03032,Age 45-64
130,2010-11,11436342709.0664,11879762726.76768,Younger than 30
130,2010-11,13835865507.33561,14110751824.24241,Age 65 and older
130,2010-11,66152143079.67528,73101904545.95963,Age 30-44
130,2010-11,78918508356.46725,85698858860.10098,Age 45-64
131,2010-12,11194314812.94997,11648466847.9798,Younger than 30
131,2010-12,12609186167.42539,13114304038.38383,Age 65 and older
131,2010-12,61559973251.66772,66605071851.51514,Age 30-44
131,2010-12,74892897407.51424,83707160900.50507,Age 45-64
132,2011-01,11899060718.04598,12670853298.48486,Age 65 and older
132,2011-01,53036293101.4213,44376998714.64645,Age 30-44
132,2011-01,64094930376.59558,63309389162.12122,Age 45-64
132,2011-01,9981356875.138699,6842839960.606059,Younger than 30
133,2011-02,44118772643.05403,35816214874.24243,Age 30-44
133,2011-02,52812946020.29832,46909537493.93939,Age 45-64
133,2011-02,7617561431.196295,5741801876.26263,Younger than 30
133,2011-02,9492943207.92803,9176779391.919184,Age 65 and older
134,2011-03,39036979913.41241,37571455459.59597,Age 30-44
134,2011-03,46613067681.48204,46798831619.69696,Age 45-64
134,2011-03,8609646748.288078,8174703254.545452,Younger than 30
134,2011-03,9360801986.905163,10100378004.0404,Age 65 and older
135,2011-04,37680222850.34288,35634106998.48485,Age 30-44
135,2011-04,42592158680.48268,40225610013.13129,Age 45-64
135,2011-04,7828544812.011922,7763015446.464652,Younger than 30
135,2011-04,8329445098.69381,8241243876.767672,Age 65 and older
136,2011-05,36913270756.27338,35597918417.67675,Age 30-44
136,2011-05,41199295734.45228,39376884544.94949,Age 45-64
136,2011-05,7701745275.980425,7330304383.838384,Age 65 and older
136,2011-05,8228228280.954256,8887455887.373743,Younger than 30
137,2011-06,40223942928.57056,44525959180.30304,Age 30-44
137,2011-06,45375165015.66629,45223837914.64649,Age 45-64
137,2011-06,8056137273.23313,9258020012.626263,Younger than 30
137,2011-06,8164540362.586933,7843477704.040405,Age 65 and older
138,2011-07,41939914647.31102,42826187354.0404,Age 30-44
138,2011-07,47421836628.22537,45620666024.24244,Age 45-64
138,2011-07,8106343772.135868,8950532209.09091,Younger than 30
138,2011-07,8658881078.555431,8131863419.69697,Age 65 and older
139,2011-08,44861177092.11812,49197274277.27276,Age 30-44
139,2011-08,52248069703.70341,53708577106.06062,Age 45-64
139,2011-08,8744263762.280611,9401498626.767679,Younger than 30
139,2011-08,9871764440.110916,10266755312.62626,Age 65 and older
140,2011-09,10854118393.35228,10349918679.79798,Age 65 and older
140,2011-09,58617901597.2406,59085891172.72729,Age 30-44
140,2011-09,67324729305.37196,66594374855.55558,Age 45-64
140,2011-09,9453452208.173641,9877171713.636364,Younger than 30
141,2011-10,12185922943.67356,12687949977.27272,Age 65 and older
141,2011-10,55773102271.34488,62227302211.11109,Age 30-44
141,2011-10,65523733689.38782,72106311174.24243,Age 45-64
141,2011-10,9471870096.374958,10459295489.899,Younger than 30
142,2011-11,13188204297.34751,13457103637.37373,Age 65 and older
142,2011-11,54529585642.48366,59507207265.65658,Age 30-44
142,2011-11,66445925307.66771,71889852736.36359,Age 45-64
142,2011-11,9507709587.224224,9839224274.747477,Younger than 30
143,2011-12,12983654112.76739,13470984985.85858,Age 65 and older
143,2011-12,54261127892.18504,57206067375.75754,Age 30-44
143,2011-12,62832530583.34554,68488856546.46463,Age 45-64
143,2011-12,9486019195.436487,9984624826.767673,Younger than 30
144,2012-01,12816798983.64242,13249416489.899,Age 65 and older
144,2012-01,57675107948.26852,47324691736.86864,Age 30-44
144,2012-01,65088350988.96097,62348549457.57573,Age 45-64
144,2012-01,9625837089.621929,6501039412.626266,Younger than 30
145,2012-02,10998060816.23787,8116511605.0505,Younger than 30
145,2012-02,15457189525.37693,14931041300,Age 65 and older
145,2012-02,70478593227.21005,56765167287.37375,Age 30-44
145,2012-02,79549694022.97211,70272825853.53531,Age 45-64
146,2012-03,11069814131.96491,10314531414.14141,Younger than 30
146,2012-03,14347019102.02509,14853721292.42424,Age 65 and older
146,2012-03,68547774366.6606,63378487261.11118,Age 30-44
146,2012-03,77888709150.78902,76133695669.69699,Age 45-64
147,2012-04,10099043403.45557,9878278467.676771,Younger than 30
147,2012-04,14722728493.14635,14429290786.86869,Age 65 and older
147,2012-04,62573177661.01585,58176764477.77776,Age 30-44
147,2012-04,74375222979.63329,69467680122.22221,Age 45-64
148,2012-05,10111221095.19174,10992213981.81818,Younger than 30
148,2012-05,15677918622.31641,15218932457.57576,Age 65 and older
148,2012-05,64721008260.9347,64835817202.52526,Age 30-44
148,2012-05,74496181645.18375,71626484696.96968,Age 45-64
149,2012-06,15266504538.22595,14712186716.16162,Age 65 and older
149,2012-06,62926101139.51368,70508857253.53532,Age 30-44
149,2012-06,74496111298.25745,75602209164.14143,Age 45-64
149,2012-06,9908337801.361795,11406616458.58586,Younger than 30
150,2012-07,10330826638.5283,11598608563.63636,Younger than 30
150,2012-07,16996888738.23112,16643524859.09091,Age 65 and older
150,2012-07,66202394844.64569,71734542303.53535,Age 30-44
150,2012-07,75962726415.38144,76702134796.96964,Age 45-64
151,2012-08,11747607438.32406,12971835596.96969,Younger than 30
151,2012-08,16961095958.14762,17747313203.53536,Age 65 and older
151,2012-08,74804114001.71983,83887277610.10104,Age 30-44
151,2012-08,84920121842.09567,90737649815.65656,Age 45-64
152,2012-09,10924844698.74402,11491437871.71718,Younger than 30
152,2012-09,16176184489.17628,15688996990.40404,Age 65 and older
152,2012-09,68644806726.95336,69258117984.34343,Age 30-44
152,2012-09,79679312829.94466,79470006699.99998,Age 45-64
153,2012-10,11496375113.49358,12634489592.42424,Younger than 30
153,2012-10,18033688750.28897,18910795339.89899,Age 65 and older
153,2012-10,73887913876.60127,80634575733.83839,Age 30-44
153,2012-10,84247169038.9973,91194141962.12123,Age 45-64
154,2012-11,11248578987.34878,11438648026.26263,Younger than 30
154,2012-11,17492447918.30042,17082598554.0404,Age 65 and older
154,2012-11,73698274608.34084,76346592365.15152,Age 30-44
154,2012-11,83048272797.07806,85171427258.58589,Age 45-64
155,2012-12,11740146684.64036,12394749710.10101,Younger than 30
155,2012-12,18954903430.5579,19172550264.64646,Age 65 and older
155,2012-12,75001211141.93446,76447951531.31311,Age 30-44
155,2012-12,86119483238.56087,90474470941.41409,Age 45-64
156,2013-01,12661390644.11537,8312674552.020207,Younger than 30
156,2013-01,20227002819.01283,20421139369.69697,Age 65 and older
156,2013-01,82219393720.28391,66623484806.56568,Age 30-44
156,2013-01,95740496279.15623,89899175855.05052,Age 45-64
157,2013-02,11825649223.41356,8557272856.565655,Younger than 30
157,2013-02,19296422776.0423,18624463174.24242,Age 65 and older
157,2013-02,76587357715.52979,60616658751.51513,Age 30-44
157,2013-02,89529899572.81879,77857053355.55563,Age 45-64
158,2013-03,11112844701.1996,10320527063.13131,Younger than 30
158,2013-03,18683503630.47022,18914073774.24242,Age 65 and older
158,2013-03,72740696244.71297,66034760148.48482,Age 30-44
158,2013-03,84102690222.19707,82153934473.73738,Age 45-64
159,2013-04,11710849655.96088,11455906080.80807,Younger than 30
159,2013-04,18771104223.83192,18791323816.16163,Age 65 and older
159,2013-04,72784526199.69862,69291110166.66666,Age 30-44
159,2013-04,84210534383.51704,80845951411.11115,Age 45-64
160,2013-05,12047234821.0404,13193883910.101,Younger than 30
160,2013-05,18302761541.40384,18531637343.93939,Age 65 and older
160,2013-05,71771777142.45016,76478440273.23235,Age 30-44
160,2013-05,83434110039.31944,83222863639.39392,Age 45-64
161,2013-06,10966230516.02956,12711467492.9293,Younger than 30
161,2013-06,17088476354.56608,17090568769.69697,Age 65 and older
161,2013-06,65345292966.88628,75396982037.87883,Age 30-44
161,2013-06,74142692890.45622,78770051996.46468,Age 45-64
162,2013-07,11330335504.21257,12948939543.9394,Younger than 30
162,2013-07,16841149019.26869,17067302790.40404,Age 65 and older
162,2013-07,60455955674.1072,69176924746.9697,Age 30-44
162,2013-07,71184953346.36394,75546897506.06056,Age 45-64
163,2013-08,11079951127.0686,12528047989.89898,Younger than 30
163,2013-08,13323046148.88428,13727806593.93939,Age 65 and older
163,2013-08,52690126990.46334,58835171258.0808,Age 30-44
163,2013-08,57097558405.05363,60990841423.23232,Age 45-64
164,2013-09,10025762807.99661,9864146410.606066,Age 65 and older
164,2013-09,10114951501.0687,10672540831.81818,Younger than 30
164,2013-09,45534120041.69761,45231677498.98991,Age 45-64
164,2013-09,45916062474.40305,46174033036.86867,Age 30-44
165,2013-10,10395482340.22005,10654072464.14141,Age 65 and older
165,2013-10,41621476507.16068,43498210652.52524,Age 30-44
165,2013-10,42571417046.67593,44423902536.36365,Age 45-64
165,2013-10,8822939415.345705,9552871016.161617,Younger than 30
166,2013-11,40858122233.33572,39709369180.80807,Age 30-44
166,2013-11,41026814121.91847,39576184349.99996,Age 45-64
166,2013-11,9288593740.203655,9238821860.101009,Younger than 30
166,2013-11,9377418987.097815,8735274148.484852,Age 65 and older
167,2013-12,39691737804.69386,40786808792.92928,Age 45-64
167,2013-12,40961177228.98026,40971100441.91917,Age 30-44
167,2013-12,8757839232.633648,8720121704.54546,Age 65 and older
167,2013-12,9070800025.505795,9541291282.828281,Younger than 30
168,2014-01,37276494815.79524,33745658197.47474,Age 45-64
168,2014-01,39084098075.35135,30724086640.90908,Age 30-44
168,2014-01,8394186814.733031,8166909937.878791,Age 65 and older
168,2014-01,8885629718.888802,5697222559.595962,Younger than 30
169,2014-02,34352068568.73274,29280762114.14141,Age 45-64
169,2014-02,37385878748.63488,28810750142.42422,Age 30-44
169,2014-02,8050992622.40132,7720195722.727272,Age 65 and older
169,2014-02,8287667811.697001,5896464893.434346,Younger than 30
170,2014-03,36448322359.96194,36600919833.8384,Age 45-64
170,2014-03,38508553044.99184,35303310407.07072,Age 30-44
170,2014-03,8391147712.103629,8535775708.58586,Age 65 and older
170,2014-03,8656093233.67285,8042058148.9899,Younger than 30
171,2014-04,38688314121.74957,38422740269.19192,Age 45-64
171,2014-04,41685206861.74262,41183488815.65656,Age 30-44
171,2014-04,8463075499.252707,8710601781.818186,Age 65 and older
171,2014-04,9180139967.214205,9026056653.535349,Younger than 30
172,2014-05,38863396369.00314,39652795716.16163,Age 45-64
172,2014-05,42831042240.79752,47299305475.25255,Age 30-44
172,2014-05,8913671649.771578,9259371831.313133,Age 65 and older
172,2014-05,9191820675.470003,10184370947.47475,Younger than 30
173,2014-06,10085981904.9838,11856861247.9798,Younger than 30
173,2014-06,40765458631.60843,44713978620.70709,Age 45-64
173,2014-06,43899806042.70558,51763950443.93937,Age 30-44
173,2014-06,8987492085.614571,9231592338.888889,Age 65 and older
174,2014-07,10272963494.34627,11855891730.80809,Younger than 30
174,2014-07,10417583936.3767,10624905906.06061,Age 65 and older
174,2014-07,43023551698.97554,46513027129.29294,Age 45-64
174,2014-07,46693013943.04458,54906892009.0909,Age 30-44
175,2014-08,42706110699.08229,45544387370.70707,Age 45-64
175,2014-08,45112230227.85236,50455349801.51519,Age 30-44
175,2014-08,9258827588.451267,10638766008.58586,Younger than 30
175,2014-08,9471930131.584436,9693758109.595959,Age 65 and older
176,2014-09,44800716644.8865,44954655769.69697,Age 45-64
176,2014-09,46989970455.37297,48044852649.49495,Age 30-44
176,2014-09,9770083849.470835,10346373425.25252,Younger than 30
176,2014-09,9878676987.85059,9952611752.525251,Age 65 and older
177,2014-10,10701636907.78684,11440902522.22222,Younger than 30
177,2014-10,44322989479.49458,45603772265.1515,Age 45-64
177,2014-10,47044433994.70345,47618031344.44443,Age 30-44
177,2014-10,9943951516.427769,9952778036.868689,Age 65 and older
178,2014-11,10451466572.36341,9650253636.36364,Age 65 and older
178,2014-11,10619082801.39216,10351009106.06062,Younger than 30
178,2014-11,46180913534.6194,42934209396.96966,Age 45-64
178,2014-11,50128632977.82779,46796877933.83836,Age 30-44
179,2014-12,10992521329.09335,11479987931.81818,Younger than 30
179,2014-12,11246620589.62992,11204885680.30304,Age 65 and older
179,2014-12,51407910720.83145,52558861314.14143,Age 45-64
179,2014-12,53762510200.84728,53250912229.79799,Age 30-44
180,2015-01,10033230044.60126,6259300708.58586,Younger than 30
180,2015-01,10642355837.76683,10060785856.56566,Age 65 and older
180,2015-01,49344330892.46743,42966943866.16161,Age 45-64
180,2015-01,54424567604.40759,41116940334.34341,Age 30-44
181,2015-02,12557929440.59385,8729876768.181818,Younger than 30
181,2015-02,13675257148.65898,12868516058.58587,Age 65 and older
181,2015-02,62694084663.26653,52228964775.25249,Age 45-64
181,2015-02,76718149878.27246,57142672330.80811,Age 30-44
182,2015-03,13782105308.39506,12857724873.23232,Younger than 30
182,2015-03,15641050486.65207,15928009686.36364,Age 65 and older
182,2015-03,66706221075.01038,67928650870.20198,Age 45-64
182,2015-03,76101001004.78951,70632192698.48485,Age 30-44
183,2015-04,12334894381.02881,12287938919.19193,Younger than 30
183,2015-04,14353274465.70362,14854589267.67677,Age 65 and older
183,2015-04,62076480404.55414,61959980189.39394,Age 45-64
183,2015-04,63638789514.46755,63534967410.60605,Age 30-44
184,2015-05,12225500184.84941,13687680202.52526,Younger than 30
184,2015-05,13237353177.32126,13799819055.55556,Age 65 and older
184,2015-05,60175567956.22989,62014368042.92934,Age 45-64
184,2015-05,63089185703.49041,70653060820.20201,Age 30-44
185,2015-06,12047126427.66515,14446715818.68687,Younger than 30
185,2015-06,13804545928.88354,14356488676.76767,Age 65 and older
185,2015-06,60800200880.37795,67876320769.19187,Age 45-64
185,2015-06,62868258369.83002,75648471414.64645,Age 30-44
186,2015-07,12278790495.44256,14231958180.30302,Younger than 30
186,2015-07,13615606918.48843,13712907851.0101,Age 65 and older
186,2015-07,55191578137.50397,59461197132.82822,Age 45-64
186,2015-07,58055465249.27448,68331779037.37371,Age 30-44
187,2015-08,11473838441.45094,11809810607.07071,Age 65 and older
187,2015-08,11794763376.35015,13610372742.92929,Younger than 30
187,2015-08,52075108974.1443,55816797941.41415,Age 45-64
187,2015-08,53685785584.03311,60787139453.53538,Age 30-44
188,2015-09,12151664822.41598,12838292796.9697,Younger than 30
188,2015-09,12179363334.76401,12556101780.30303,Age 65 and older
188,2015-09,53883254090.4707,54898851506.06064,Age 45-64
188,2015-09,56596981011.70882,59273245700.00002,Age 30-44
189,2015-10,11859352546.23606,12578712127.27272,Younger than 30
189,2015-10,12148952268.93303,12189534204.0404,Age 65 and older
189,2015-10,52287270172.77256,55009024619.19192,Age 45-64
189,2015-10,56081387406.22717,56830800263.13131,Age 30-44
190,2015-11,11679844353.99556,11139436641.41415,Age 65 and older
190,2015-11,51311607479.24805,47990807569.69695,Age 45-64
190,2015-11,53049828944.33884,49169636378.78788,Age 30-44
190,2015-11,9909464820.827959,9573528748.989899,Younger than 30
191,2015-12,12519684789.54857,12966192321.21212,Younger than 30
191,2015-12,12563542560.35121,12606701650.50504,Age 65 and older
191,2015-12,53251457830.05675,54331188029.29293,Age 45-64
191,2015-12,57250171166.22925,56201582752.52526,Age 30-44
192,2016-01,11639157309.44071,7144765931.313131,Younger than 30
192,2016-01,11886062490.74494,10944660942.92929,Age 65 and older
192,2016-01,54261802458.43213,45300925138.88886,Age 45-64
192,2016-01,57600494133.36076,41431374124.24242,Age 30-44
193,2016-02,12709276630.36161,8699563627.777777,Younger than 30
193,2016-02,12823098717.31627,11781446829.29293,Age 65 and older
193,2016-02,57529917762.91097,46514655906.06059,Age 45-64
193,2016-02,59979273961.85384,43342790804.04041,Age 30-44
194,2016-03,13338947016.81285,12457997059.09092,Younger than 30
194,2016-03,14039155169.18817,14217833503.53535,Age 65 and older
194,2016-03,63723456380.05285,64860055748.48484,Age 45-64
194,2016-03,73635858579.99992,68769810398.48486,Age 30-44
195,2016-04,13855581111.37977,13878304520.70707,Younger than 30
195,2016-04,14492613331.18324,14668296086.86869,Age 65 and older
195,2016-04,63986304995.71868,62862831439.39394,Age 45-64
195,2016-04,69850413870.85435,68940020421.71718,Age 30-44
196,2016-05,13417964497.95662,15207295763.63637,Younger than 30
196,2016-05,15015321716.12599,15628608659.59596,Age 65 and older
196,2016-05,64773871370.56951,66924306696.46467,Age 45-64
196,2016-05,67470229765.4869,75533335656.06059,Age 30-44
197,2016-06,13800137610.03565,16727903074.24242,Younger than 30
197,2016-06,15411781312.8334,15862209016.16163,Age 65 and older
197,2016-06,66961974684.39745,74490420826.26263,Age 45-64
197,2016-06,67703248995.00012,81886522721.21219,Age 30-44
198,2016-07,12210633265.01773,14071757192.42424,Younger than 30
198,2016-07,15263333673.58944,15116249542.42425,Age 65 and older
198,2016-07,63476627073.41025,68003946517.17173,Age 45-64
198,2016-07,64233677533.72615,75099755251.51514,Age 30-44
199,2016-08,14592685167.54827,16901958891.41414,Younger than 30
199,2016-08,17608554602.42544,18677612871.21212,Age 65 and older
199,2016-08,75983744976.74849,83726079571.21213,Age 45-64
199,2016-08,80263348107.16101,94151876273.73743,Age 30-44
200,2016-09,14595618556.91527,15451872028.28283,Younger than 30
200,2016-09,18311179839.43904,19051441275.75758,Age 65 and older
200,2016-09,77578091954.70372,79378278902.02019,Age 45-64
200,2016-09,78252300798.42914,83182069431.81819,Age 30-44
201,2016-10,13896369872.37466,14758622014.64646,Younger than 30
201,2016-10,17482325381.96924,17944000565.15152,Age 65 and older
201,2016-10,76473488673.35736,78601535203.53542,Age 30-44
201,2016-10,78680786164.31654,86054290430.80804,Age 45-64
202,2016-11,14380530535.02463,13867811416.66666,Younger than 30
202,2016-11,18675973653.16332,18566724021.71717,Age 65 and older
202,2016-11,75852012327.8855,71762749832.32323,Age 30-44
202,2016-11,77400742810.77112,74006812231.81819,Age 45-64
203,2016-12,14789054558.44582,15150659077.77778,Younger than 30
203,2016-12,17624096112.09031,17623306389.39395,Age 65 and older
203,2016-12,71971447998.94106,68919742349.49489,Age 30-44
203,2016-12,73002878867.42458,73572290146.46469,Age 45-64
204,2017-01,13516528155.78362,8245494804.545458,Younger than 30
204,2017-01,15819663689.65137,14520677182.82827,Age 65 and older
204,2017-01,64386659111.34154,44616996988.88889,Age 30-44
204,2017-01,64409067067.56627,52281298143.9394,Age 45-64
205,2017-02,12850640297.79661,8744889441.919193,Younger than 30
205,2017-02,13414453883.23091,12030555834.34344,Age 65 and older
205,2017-02,57766989839.7377,45900706227.77779,Age 45-64
205,2017-02,59902585542.88158,42679752262.62627,Age 30-44
206,2017-03,13675443760.10386,13619386950.00001,Age 65 and older
206,2017-03,14457609146.29635,13492164974.24242,Younger than 30
206,2017-03,55010247485.99946,54640046289.89902,Age 45-64
206,2017-03,59978350518.05132,55866285344.44445,Age 30-44
207,2017-04,12978540978.70415,13037855617.17172,Younger than 30
207,2017-04,13145542287.21231,12937523310.60607,Age 65 and older
207,2017-04,51210414569.77936,49439966375.7576,Age 45-64
207,2017-04,55455575118.02418,53404169810.101,Age 30-44
208,2017-05,13682323418.52953,15579635198.9899,Younger than 30
208,2017-05,14515701759.14001,15065395986.36363,Age 65 and older
208,2017-05,56587863528.84572,59264303674.74745,Age 45-64
208,2017-05,59309045152.45515,66560239199.49489,Age 30-44
209,2017-06,13984194941.61889,16964956412.12123,Younger than 30
209,2017-06,14116848940.38196,14331932718.18181,Age 65 and older
209,2017-06,56067403413.59119,61770522935.8586,Age 45-64
209,2017-06,59938106206.34785,73205139704.04045,Age 30-44
210,2017-07,12631813968.17874,14489640078.78788,Younger than 30
210,2017-07,13436923586.53532,13346231616.66667,Age 65 and older
210,2017-07,55563782783.15612,59865296044.44443,Age 45-64
210,2017-07,57549593630.758,66915976276.26264,Age 30-44
211,2017-08,13762534848.2177,15960430622.72726,Younger than 30
211,2017-08,14070161554.09656,15234773041.41413,Age 65 and older
211,2017-08,57164041865.71104,64168204915.15155,Age 45-64
211,2017-08,59106559754.63515,70478618273.23233,Age 30-44
212,2017-09,14207146864.02675,14751395640.90908,Age 65 and older
212,2017-09,14254235898.34532,15076942755.05052,Younger than 30
212,2017-09,55650786413.67986,57015593252.02017,Age 45-64
212,2017-09,58833302010.63753,63245557455.05048,Age 30-44
213,2017-10,13857771467.20226,14825915718.18181,Younger than 30
213,2017-10,14395729322.03167,15218365473.73739,Age 65 and older
213,2017-10,56920974043.31775,63701857930.30304,Age 45-64
213,2017-10,60908709091.56722,63689994457.07071,Age 30-44
214,2017-11,13849667513.26751,13364937124.74748,Younger than 30
214,2017-11,14667900391.61231,14873925675.75757,Age 65 and older
214,2017-11,58232542941.34406,56436782049.49491,Age 45-64
214,2017-11,63276227300.32009,60482642794.44449,Age 30-44
215,2017-12,13853589159.03427,14115296430.80808,Younger than 30
215,2017-12,13928634931.57705,13681938747.47475,Age 65 and older
215,2017-12,57897744730.3266,57140703048.98991,Age 45-64
215,2017-12,62311636450.84628,57902614292.42427,Age 30-44
216,2018-01,14477407002.57242,8941940803.535351,Younger than 30
216,2018-01,15131275607.50361,14007890608.58586,Age 65 and older
216,2018-01,58684411251.50053,47019631812.12121,Age 45-64
216,2018-01,62225614000.3223,42558902405.55556,Age 30-44
217,2018-02,14560863598.36517,9932190430.303032,Younger than 30
217,2018-02,14736889665.22401,13004400103.0303,Age 65 and older
217,2018-02,55714689182.03577,44239126376.76769,Age 45-64
217,2018-02,61006186876.17802,43771265767.17171,Age 30-44
218,2018-03,13876508911.37756,12948764904.54546,Younger than 30
218,2018-03,14677913765.56731,14628451832.82829,Age 65 and older
218,2018-03,55247469864.29161,54220109056.56564,Age 45-64
218,2018-03,59918552577.80182,55965800139.39393,Age 30-44
219,2018-04,14410660377.86106,14052539851.0101,Age 65 and older
219,2018-04,14792170064.24095,14786795434.34343,Younger than 30
219,2018-04,53674269968.53313,51959093184.84845,Age 45-64
219,2018-04,57576022148.72609,55405752063.13129,Age 30-44
220,2018-05,13707694511.89515,14052931319.19192,Age 65 and older
220,2018-05,14729184333.05128,16753888486.86867,Younger than 30
220,2018-05,53378183360.75176,56295590829.29287,Age 45-64
220,2018-05,59130453488.02832,65956263137.37371,Age 30-44
221,2018-06,13561524487.11019,13585622024.24242,Age 65 and older
221,2018-06,14293956525.50492,17245345697.97981,Younger than 30
221,2018-06,52877111624.00018,57590195661.61616,Age 45-64
221,2018-06,59086615440.24975,71785346318.68686,Age 30-44
222,2018-07,13670471162.26484,13799226245.95959,Age 65 and older
222,2018-07,14694550376.07892,16738125482.82828,Younger than 30
222,2018-07,49926710372.0106,54307814116.16161,Age 45-64
222,2018-07,56221960466.73966,65335534067.17171,Age 30-44
223,2018-08,13318441832.42878,14496636993.43434,Age 65 and older
223,2018-08,13983875914.65351,16187580932.32324,Younger than 30
223,2018-08,50865885305.07587,56991327310.10104,Age 45-64
223,2018-08,55260764272.41232,65709155915.15156,Age 30-44
224,2018-09,12078777059.75486,12429001495.45455,Age 65 and older
224,2018-09,12564800791.7323,13333272101.51515,Younger than 30
224,2018-09,44027482628.31422,45191869480.30302,Age 45-64
224,2018-09,45655453756.43301,49381996557.57577,Age 30-44
225,2018-10,12753522302.73634,13754245891.41415,Age 65 and older
225,2018-10,13295936657.99024,14289681903.53536,Younger than 30
225,2018-10,45957534804.88416,51730974833.33333,Age 45-64
225,2018-10,50655171371.73377,53635867379.79797,Age 30-44
226,2018-11,12251137748.50131,12325715053.0303,Age 65 and older
226,2018-11,13434992103.21317,13017759892.92929,Younger than 30
226,2018-11,45398584754.78598,43700306707.07069,Age 45-64
226,2018-11,52546561842.54642,49917925456.56567,Age 30-44
227,2018-12,12572844495.23506,12171886195.45455,Age 65 and older
227,2018-12,12609922743.12499,12854908807.57576,Younger than 30
227,2018-12,44802125718.3799,43337265400.00002,Age 45-64
227,2018-12,50095421448.5183,45497481491.41414,Age 30-44
228,2019-01,11297947847.35018,10535337587.87879,Age 65 and older
228,2019-01,12032264595.66068,7565324968.181819,Younger than 30
228,2019-01,46936395692.59839,37626771416.16161,Age 45-64
228,2019-01,53113659688.95281,36571224946.46465,Age 30-44
229,2019-02,13205054468.80163,11714920408.58585,Age 65 and older
229,2019-02,15960373830.35228,10970127236.86869,Younger than 30
229,2019-02,53111161571.70326,43524439464.64646,Age 45-64
229,2019-02,58290322597.99914,43370374379.79797,Age 30-44
230,2019-03,13967669426.89764,14191231644.44445,Age 65 and older
230,2019-03,14385584107.53374,13446055828.78788,Younger than 30
230,2019-03,53452844745.10916,52916965290.40407,Age 45-64
230,2019-03,59539560252.92074,56823363423.73736,Age 30-44
231,2019-04,15602039757.94764,15270609145.45455,Age 65 and older
231,2019-04,16009832188.52804,15973902330.30303,Younger than 30
231,2019-04,62187150185.04375,61051341372.72733,Age 45-64
231,2019-04,72291461733.65533,70295925455.05051,Age 30-44
232,2019-05,16969973904.32536,17201990963.13131,Age 65 and older
232,2019-05,17267123597.13243,19467614211.61617,Younger than 30
232,2019-05,66542125144.94973,70551412302.0202,Age 45-64
232,2019-05,76383586265.53253,84655999690.90906,Age 30-44
233,2019-06,15660938272.7897,18792819008.08081,Younger than 30
233,2019-06,17417176672.77502,17389917133.33334,Age 65 and older
233,2019-06,68090343084.30076,72969836831.31313,Age 45-64
233,2019-06,69691699444.1425,83295451977.27272,Age 30-44
234,2019-07,17680210091.3674,20109800237.87878,Younger than 30
234,2019-07,19703536879.86286,20053323124.24242,Age 65 and older
234,2019-07,77200527112.97871,83341325118.68692,Age 45-64
234,2019-07,87802267213.91353,100672835049.495,Age 30-44
235,2019-08,19012919984.94324,21850551458.58586,Younger than 30
235,2019-08,20449702655.28141,21844797016.66666,Age 65 and older
235,2019-08,79894766941.5332,87730167335.35349,Age 45-64
235,2019-08,89443332301.10776,103391907704.0404,Age 30-44
236,2019-09,19035982653.61709,20182790996.9697,Younger than 30
236,2019-09,21963322278.65031,22705378202.02021,Age 65 and older
236,2019-09,88713171552.15294,92292710793.93939,Age 45-64
236,2019-09,97885560921.83916,106995201261.1111,Age 30-44
237,2019-10,20333260856.13798,21863400319.19192,Younger than 30
237,2019-10,22688977180.77833,24439910837.37374,Age 65 and older
237,2019-10,89162817328.05721,98539221670.70708,Age 45-64
237,2019-10,99230529563.16206,105884541814.6465,Age 30-44
238,2019-11,19834380460.07941,19231331512.62625,Younger than 30
238,2019-11,24093850221.11636,23753197710.10102,Age 65 and older
238,2019-11,91036978002.51422,86585856821.71722,Age 45-64
238,2019-11,96119061855.2966,89515890911.11111,Age 30-44
239,2019-12,19695039362.94611,20115735529.79798,Younger than 30
239,2019-12,24303092467.84753,23254606092.92929,Age 65 and older
239,2019-12,91583896657.89281,88278029074.24245,Age 45-64
239,2019-12,98904887465.18806,89846921659.59595,Age 30-44
240,2020-01,104636267641.5996,73893861304.04042,Age 30-44
240,2020-01,20932183281.47981,13313902313.13131,Younger than 30
240,2020-01,25127403698.31106,23461480270.70708,Age 65 and older
240,2020-01,93365567856.21815,76122045854.54544,Age 45-64
241,2020-02,108111856891.0383,83390678701.01013,Age 30-44
241,2020-02,20174244969.24883,14194585697.97979,Younger than 30
241,2020-02,25703551870.63366,23173542922.72727,Age 65 and older
241,2020-02,97062809301.70645,81912736965.65659,Age 45-64
242,2020-03,104589943467.352,106769697936.3636,Age 45-64
242,2020-03,119462279222.1734,118089507406.0606,Age 30-44
242,2020-03,21033672444.32441,19941717256.0606,Younger than 30
242,2020-03,26946484651.73537,28468177262.12121,Age 65 and older
243,2020-04,124896084987.7015,124545910065.6565,Age 45-64
243,2020-04,139521154692.4351,138414532199.9999,Age 30-44
243,2020-04,22601496757.71723,22438500203.53536,Younger than 30
243,2020-04,28977645912.16387,28713424157.57576,Age 65 and older
244,2020-05,121012313801.3959,127616316089.394,Age 45-64
244,2020-05,126401171603.9331,138753526074.7475,Age 30-44
244,2020-05,20938998672.6613,23435107877.77778,Younger than 30
244,2020-05,30054140233.12341,30082485438.88889,Age 65 and older
245,2020-06,133368414980.724,141561161161.6162,Age 45-64
245,2020-06,136413322169.1629,159789958983.8383,Age 30-44
245,2020-06,24937463658.62628,29774524951.01009,Younger than 30
245,2020-06,33103420075.97957,33364170140.9091,Age 65 and older
246,2020-07,140379145484.984,148419827178.7879,Age 45-64
246,2020-07,148501668574.1467,165543310631.8181,Age 30-44
246,2020-07,27592108702.53555,31122418550.00001,Younger than 30
246,2020-07,34614016879.52483,34917845230.8081,Age 65 and older
247,2020-08,139371616498.0558,150426291190.404,Age 45-64
247,2020-08,152801584644.0585,172899365990.404,Age 30-44
247,2020-08,25497763074.88027,29203617479.79799,Younger than 30
247,2020-08,35186556629.83611,36986233941.9192,Age 65 and older
248,2020-09,152444995657.6421,159358031293.4344,Age 45-64
248,2020-09,161370768831.3111,176708849513.6364,Age 30-44
248,2020-09,29012939775.01623,30714913220.70708,Younger than 30
248,2020-09,37828455933.5276,39495062515.1515,Age 65 and older
249,2020-10,162003506454.8529,174651338235.3536,Age 45-64
249,2020-10,176011343674.1884,186610602746.9697,Age 30-44
249,2020-10,29890553063.88554,31900689395.95959,Younger than 30
249,2020-10,41504331096.45465,44009230963.13133,Age 65 and older
250,2020-11,161457645478.5146,151456029686.3636,Age 45-64
250,2020-11,175668024575.4367,161049732632.3233,Age 30-44
250,2020-11,29336047742.36807,28299063538.88889,Younger than 30
250,2020-11,41673462886.0402,39825213189.89899,Age 65 and older
251,2020-12,175688438397.3076,170829644144.9494,Age 45-64
251,2020-12,190238295489.9158,175366079807.5756,Age 30-44
251,2020-12,31660096847.02753,32492777969.19193,Younger than 30
251,2020-12,45272413569.5892,42870980773.23232,Age 65 and older
252,2021-01,186346265475.9352,154631622561.111,Age 45-64
252,2021-01,208895962673.3943,149966844787.8788,Age 30-44
252,2021-01,31625785128.15025,20183183773.23232,Younger than 30
252,2021-01,47047103640.77698,43496025559.0909,Age 65 and older
253,2021-02,189447672306.0991,163482135182.3231,Age 45-64
253,2021-02,196827904259.7994,156119452189.394,Age 30-44
253,2021-02,29610278511.28738,21449908077.27273,Younger than 30
253,2021-02,47471566869.6155,43556105118.18184,Age 65 and older
254,2021-03,180612662800.3918,184693540853.0303,Age 30-44
254,2021-03,183169692513.1143,192134249144.9495,Age 45-64
254,2021-03,29043426649.02567,27940765294.94949,Younger than 30
254,2021-03,47093312143.25106,51953335319.69695,Age 65 and older
255,2021-04,155601483163.5632,155488004844.4444,Age 30-44
255,2021-04,163269375305.5563,163490828908.5858,Age 45-64
255,2021-04,26351707781.33675,26259196697.97979,Younger than 30
255,2021-04,42555488604.257,42459434076.76766,Age 65 and older
256,2021-05,129907067233.3513,138259977871.7171,Age 45-64
256,2021-05,130155739538.5478,144509515325.2527,Age 30-44
256,2021-05,23939820079.30192,26733256997.97981,Younger than 30
256,2021-05,35513550714.59931,35752669142.42423,Age 65 and older
257,2021-06,137381379289.685,160419375319.6969,Age 30-44
257,2021-06,139118484690.4828,147511277361.1111,Age 45-64
257,2021-06,25608288638.90034,30359207005.05051,Younger than 30
257,2021-06,38464463526.48147,39491577079.79799,Age 65 and older
258,2021-07,131214124964.4569,135259564719.6971,Age 45-64
258,2021-07,134731857675.129,144841584035.8586,Age 30-44
258,2021-07,25447056024.05605,28466661537.87877,Younger than 30
258,2021-07,34395070256.28311,34164991817.67678,Age 65 and older
259,2021-08,134969423678.6453,151625499199.495,Age 30-44
259,2021-08,136918434455.3604,148089203031.3131,Age 45-64
259,2021-08,25539640624.25277,29170335253.53535,Younger than 30
259,2021-08,36108135546.06487,37958764943.43437,Age 65 and older
260,2021-09,136951129746.4725,142575730272.2223,Age 45-64
260,2021-09,139186980641.8284,151581850574.2425,Age 30-44
260,2021-09,26756466654.48589,28260301796.96968,Younger than 30
260,2021-09,37291514188.99162,39342629973.7374,Age 65 and older
261,2021-10,131509437574.2112,137053931660.101,Age 45-64
261,2021-10,137300487948.7386,142146359901.0101,Age 30-44
261,2021-10,25708801073.19511,27068989277.77779,Younger than 30
261,2021-10,35623814905.06876,36533620489.39395,Age 65 and older
262,2021-11,138179859212.4925,128503192556.0605,Age 45-64
262,2021-11,143575890089.6253,130058752874.7475,Age 30-44
262,2021-11,27840472587.21585,26579300299.99998,Younger than 30
262,2021-11,36166544886.35615,33681134399.49496,Age 65 and older
263,2021-12,126888223277.449,124623674292.4243,Age 45-64
263,2021-12,133338320393.8394,124091403214.1414,Age 30-44
263,2021-12,26443952499.23125,27339838521.71719,Younger than 30
263,2021-12,33491765736.21392,31066287154.54544,Age 65 and older
264,2022-01,118528912972.5594,98759481349.49501,Age 45-64
264,2022-01,128621417557.0544,93082066504.54547,Age 30-44
264,2022-01,24476849666.12112,15579458951.01011,Younger than 30
264,2022-01,30805050257.29485,27974630671.21211,Age 65 and older
265,2022-02,104987640137.6047,91449339686.8687,Age 45-64
265,2022-02,113115528591.3631,90657876632.32324,Age 30-44
265,2022-02,22978903986.61335,17136274817.67675,Younger than 30
265,2022-02,28040972294.06366,25972787775.75758,Age 65 and older
266,2022-03,102542793291.2095,106388016431.8182,Age 30-44
266,2022-03,23255788419.79374,22791596763.13131,Younger than 30
266,2022-03,25176970435.49135,28628944530.30304,Age 65 and older
266,2022-03,96013597479.63647,101471385897.9798,Age 45-64
267,2022-04,22114634492.38805,22056428299.49494,Younger than 30
267,2022-04,22880745354.54937,23125410974.74747,Age 65 and older
267,2022-04,85052711548.13634,85889862350.50508,Age 45-64
267,2022-04,99702444411.00876,101141836058.0808,Age 30-44
268,2022-05,19390343334.41162,19843089307.57576,Age 65 and older
268,2022-05,20068295228.71761,22457729033.33333,Younger than 30
268,2022-05,71424879384.00554,77256060181.3131,Age 45-64
268,2022-05,84772124901.84785,96269792330.30301,Age 30-44
269,2022-06,17104244169.04329,17903031693.93941,Age 65 and older
269,2022-06,19421626180.81908,22932034729.29292,Younger than 30
269,2022-06,65001563447.63519,69763751567.17174,Age 45-64
269,2022-06,80417843376.21205,94858983441.91925,Age 30-44
270,2022-07,13443693927.58569,13291967473.73737,Age 65 and older
270,2022-07,16812370022.27508,18576031354.04041,Younger than 30
270,2022-07,59406322308.88383,60595386341.91918,Age 45-64
270,2022-07,72178832412.96802,75590181598.98993,Age 30-44
271,2022-08,13778894732.07617,14669492118.68686,Age 65 and older
271,2022-08,17612337719.79005,20142833050.50507,Younger than 30
271,2022-08,53305604309.71297,58185994210.60603,Age 45-64
271,2022-08,68158167668.17486,77068186309.59605,Age 30-44
272,2022-09,12444083857.75728,13093481617.67677,Age 65 and older
272,2022-09,19557386111.03451,20615275955.05051,Younger than 30
272,2022-09,49518608888.08109,50817585612.1212,Age 45-64
272,2022-09,65344791308.80492,70189698568.68686,Age 30-44
273,2022-10,11031939302.58999,11014713717.17171,Age 65 and older
273,2022-10,15661721260.37202,16250543299.49494,Younger than 30
273,2022-10,44708499225.52976,45612403544.94949,Age 45-64
273,2022-10,58906143684.43738,59428300122.22221,Age 30-44
274,2022-11,14924240715.94714,14125013596.46465,Younger than 30
274,2022-11,40115485042.99665,36685948125.75758,Age 45-64
274,2022-11,53202659556.39922,47450023132.32324,Age 30-44
274,2022-11,9472752964.581459,8573003260.101016,Age 65 and older
275,2022-12,14662577044.09901,15223798578.78788,Younger than 30
275,2022-12,37861119137.00851,37286339918.18183,Age 45-64
275,2022-12,50564165881.42916,47125993917.17168,Age 30-44
275,2022-12,9177372042.893764,8342292918.686872,Age 65 and older
276,2023-01,14165738609.14272,8982497851.010094,Younger than 30
276,2023-01,31651754212.24775,26160880805.05051,Age 45-64
276,2023-01,47156201648.45067,33877560767.67677,Age 30-44
276,2023-01,9070812182.646172,8078254641.919194,Age 65 and older
277,2023-02,16116166092.3219,12269309427.77777,Younger than 30
277,2023-02,34242749937.19379,30084333893.43433,Age 45-64
277,2023-02,47490030434.50785,38315483150.50505,Age 30-44
277,2023-02,9429749861.903717,8771094248.484848,Age 65 and older
278,2023-03,10333147736.31002,11964653529.79799,Age 65 and older
278,2023-03,16518889853.45982,16317837942.9293,Younger than 30
278,2023-03,41147345107.61487,43213016590.40402,Age 45-64
278,2023-03,53295427089.64452,55611066771.71719,Age 30-44
279,2023-04,10485479960.28647,10676419913.63637,Age 65 and older
279,2023-04,14299525364.62659,14362633428.78788,Younger than 30
279,2023-04,37391530231.14086,37971446344.9495,Age 45-64
279,2023-04,51856596753.23873,52968560165.65655,Age 30-44
280,2023-05,12419801126.26081,13009679167.17173,Age 65 and older
280,2023-05,16505958882.02109,18584367545.9596,Younger than 30
280,2023-05,42643761872.40012,47325649787.37373,Age 45-64
280,2023-05,56651836682.61993,66291204192.92923,Age 30-44
281,2023-06,11945434335.25523,12677322531.31314,Age 65 and older
281,2023-06,16424747080.68394,19290985639.89898,Younger than 30
281,2023-06,44308844391.46974,48092903655.05051,Age 45-64
281,2023-06,58638410776.44142,69874468610.60606,Age 30-44
282,2023-07,11836471231.19529,11716026595.95958,Age 65 and older
282,2023-07,15633175617.55194,17159201338.88889,Younger than 30
282,2023-07,42298894674.27832,43021081742.92928,Age 45-64
282,2023-07,56064171305.0596,57996424022.22221,Age 30-44
283,2023-08,11677784590.53447,12567104925.25253,Age 65 and older
283,2023-08,16204699661.26394,18541744195.45455,Younger than 30
283,2023-08,41817750755.3127,46033181026.26263,Age 45-64
283,2023-08,55718063544.75639,63412647841.9192,Age 30-44
284,2023-09,10761733059.70177,11258346313.13132,Age 65 and older
284,2023-09,14674370802.76677,15426493225.75757,Younger than 30
284,2023-09,38150149586.55217,38717090800.00001,Age 45-64
284,2023-09,50064858513.35783,53153325344.94951,Age 30-44
285,2023-10,10387434873.03456,10161745441.91919,Age 65 and older
285,2023-10,14986204014.72162,15398811561.61616,Younger than 30
285,2023-10,37578019860.82021,37799895665.15154,Age 45-64
285,2023-10,50029955811.11709,49542336324.74747,Age 30-44
286,2023-11,14739608705.2731,13920367827.27273,Younger than 30
286,2023-11,36367745318.67713,32874656753.03029,Age 45-64
286,2023-11,50446649742.05562,44424862651.01009,Age 30-44
286,2023-11,8746823792.002558,7809170930.303036,Age 65 and older
287,2023-12,13570005317.0799,14096098937.87879,Younger than 30
287,2023-12,31002144463.32907,30509302468.68686,Age 45-64
287,2023-12,45112976228.33982,41909547016.66667,Age 30-44
287,2023-12,8733342391.131008,7835155993.434352,Age 65 and older
288,2024-01,16313904930.49855,10281430325.01129,Younger than 30
288,2024-01,36147785657.56976,29581430522.37118,Age 45-64
288,2024-01,53890999801.13063,38516886430.30395,Age 30-44
288,2024-01,9591455172.810392,8442121225.185797,Age 65 and older
289,2024-02,16781682500.8583,12905065504.98046,Younger than 30
289,2024-02,39665596233.58541,35071585475.14704,Age 45-64
289,2024-02,57245736213.05746,46355015104.66383,Age 30-44
289,2024-02,9649747772.194281,8992722213.800894,Age 65 and older
290,2024-03,15017498977.97738,14909769547.00746,Younger than 30
290,2024-03,38757310336.39138,40329927459.03254,Age 45-64
290,2024-03,53885348757.74936,56121274568.23685,Age 30-44
290,2024-03,9625935693.133793,11203473077.85292,Age 65 and older
291,2024-04,11490719189.44867,11774549924.37304,Age 65 and older
291,2024-04,16870381509.05471,16991371716.65133,Younger than 30
291,2024-04,43054222488.63659,44108677615.54749,Age 45-64
291,2024-04,57602193792.368,59335527271.98157,Age 30-44
292,2024-05,11220439820.72687,11937076080.72545,Age 65 and older
292,2024-05,16549457999.862,18724438510.99481,Younger than 30
292,2024-05,43176002873.08164,48595380141.86845,Age 45-64
292,2024-05,57600325794.77339,68502131189.60422,Age 30-44
293,2024-06,10987652529.76802,11723353944.21326,Age 65 and older
293,2024-06,14934135757.85858,17494802681.39485,Younger than 30
293,2024-06,41959720418.75562,45779925465.06169,Age 45-64
293,2024-06,52940963694.64761,63173412589.23651,Age 30-44
