month,date,younger-than-30_yoy,30-44_yoy,45-64_yoy,65-and-older_yoy
84,2007-01,.0232028629900669,-.0029797690941644,.0481693970949101,.1158859506784837
85,2007-02,-.1078554088909102,-.1197568253250176,-.0464960134284519,.0444643336615072
86,2007-03,-.1862770739396231,-.198602917501187,-.1178046669408147,.0036144663868827
87,2007-04,-.1371784639941089,-.1177751001878965,-.0240109358850391,.0745655581728723
88,2007-05,-.1625150001935488,-.1904830569574623,-.0814509914251791,.069151404529143
89,2007-06,-.215874657041511,-.2286706492357141,-.1417223085683115,.0009303425710575
90,2007-07,-.1837745252937305,-.200092535168287,-.155429675397857,-.0858259367571353
91,2007-08,-.2504257783227749,-.3218923000608723,-.2316753767252615,-.1777677868944604
92,2007-09,-.3714052820345611,-.3994958019153487,-.3550471247463942,-.2981283752126843
93,2007-10,-.3192988809361533,-.3677950794864355,-.3235825216607811,-.2686913019458586
94,2007-11,-.3461762085265099,-.3634701820986123,-.2944993535667628,-.1968224185408153
95,2007-12,-.3590374655457269,-.3797789658969807,-.3344208327687916,-.2800843637848037
96,2008-01,-.363266994434234,-.3491690430519697,-.2985131079194005,-.2540108660914022
97,2008-02,-.1140972768436045,-.0122964861743856,.0031216897492605,.0254845841402576
98,2008-03,-.2445188219967082,-.2069130361355206,-.1742808284750309,-.1480627175728076
99,2008-04,-.1951954889892896,-.2179888009811708,-.1455533525274629,-.1173061020704297
100,2008-05,-.2878432460123951,-.3246885512500104,-.2756181392765967,-.2958976250931376
101,2008-06,-.2841392457850919,-.3505871364867136,-.3222139050073995,-.3328633431269847
102,2008-07,-.2060191193485502,-.3508697712197091,-.3149367656363873,-.3031456659401934
103,2008-08,-.2840134508770341,-.3792061883551254,-.4008783751644954,-.3841211690406529
104,2008-09,-.0738858055108899,-.239175633700676,-.2530193173898148,-.2535455386525209
105,2008-10,-.1931632669027642,-.236771019385651,-.2827149251625645,-.3168083097261583
106,2008-11,-.3519231768652886,-.4676410718729231,-.4819863850923939,-.4951384908231568
107,2008-12,-.1333456940016866,-.2194466125347848,-.2549632167691228,-.2489722629116865
108,2009-01,.022424327146839,.2994343747469711,.1531692956164113,.0896988261502852
109,2009-02,-.1052821020426531,.0405333787290909,.0505873720678711,.0372518216458328
110,2009-03,-.0484494035294722,.157856685322153,.2081917375778207,.1935119512316668
111,2009-04,.0280862867309826,.2727561553873755,.2533367876641988,.2737540764832213
112,2009-05,.0380284280212886,.4367850807515201,.5311579082828525,.6131836067931744
113,2009-06,.2362477322281607,.4886875028006524,.7025770798907222,.9710254442411012
114,2009-07,.1598523927991603,.3673190811690835,.5616574810422261,.7592483221476526
115,2009-08,.0998138275365998,.1930233412589651,.372218634881649,.438791968156731
116,2009-09,.1074422338525483,.2056098709927982,.329670788770054,.5121824942343033
117,2009-10,.3598135674298945,.2102293337632506,.3020215488834707,.4635951777624208
118,2009-11,.8583559056240695,.8341762258338878,.9242874989214424,1.015552699228789
119,2009-12,.0884666878303968,.247628396419037,.4998593263898288,.5943437775261111
120,2010-01,-.3011597606485658,-.4149706248887295,-.202481483983601,-.11089706417149
121,2010-02,-.3268161855912035,-.5430159389175362,-.447084167947089,-.3611536292596465
122,2010-03,-.1501853993537842,-.4048113788219223,-.3648533814781781,-.3017549719566335
123,2010-04,-.1176764609456039,-.4170566124854813,-.4032593522637075,-.3578099414393162
124,2010-05,-.1620996357838461,-.4508818274182803,-.4979835054467573,-.439713150252204
125,2010-06,-.2030427465499846,-.2900811283433212,-.3854513531143879,-.4106903244357122
126,2010-07,-.4694762789675573,-.2429801254486828,-.2155032491839609,-.2400735518525295
127,2010-08,-.3532269677000953,.2189325813036767,.2824291304339431,.3805111328225422
128,2010-09,-.2517757198408597,.3500319897632768,.4979419989317293,.4472480157700868
129,2010-10,-.3573292766989132,.2350551170613141,.4917699590754118,.5587185998195228
130,2010-11,-.3408065513719826,.2608166172652324,.5151440714313591,.6170205981761375
131,2010-12,-.127123211240102,.1737404509681725,.3845637717049972,.4703932440164956
132,2011-01,-.0251579565202357,.1573501800000575,.2936916090977796,.4558368339597617
133,2011-02,-.2578036294097733,.065964165695659,.1321221055153746,.2626481715006297
134,2011-03,-.2598121400461586,-.1623411089542192,-.0548148179021889,.0948755257020986
135,2011-04,-.3742309613440051,-.2111503294505512,-.1379892831331214,.009270163686456
136,2011-05,-.28040097258238,-.1927970048770307,-.0746579929206901,-.0281787800941188
137,2011-06,-.3233210573143674,-.2299255777516633,-.1308363375190238,-.0228711995690042
138,2011-07,.0260683991571666,-.1633716976855429,-.1670363060996235,-.0387554091908564
139,2011-08,.0208614814625981,-.2453904139378524,-.2292964032909785,-.1274192827450566
140,2011-09,-.0675248402189997,-.1853077376156865,-.1615242090543613,-.1652340977683456
141,2011-10,-.089511720628158,-.1225444923823669,-.1349532208810819,-.0780348571851718
142,2011-11,-.133475408405219,-.182176039443864,-.1515560141949465,-.0388592011252869
143,2011-12,-.0947984688133297,-.1367667273835542,-.1746353079722877,-.0561787952389262
144,2012-01,-.0223363437813598,.0644671038446759,-.0125047170542819,.0938532214586727
145,2012-02,.339193215062134,.5245868397039444,.4717536284228184,.6222335410674331
146,2012-03,.2175688995033919,.5930774951658505,.5457624203779559,.4931732537183007
147,2012-04,.2065511535091993,.5756793222466262,.5803765441285856,.7116247203280078
148,2012-05,.1606837311394942,.7153295056466832,.7346034158344196,.9290952687291669
149,2012-06,.1821646722034527,.546824364715627,.5666746561661831,.6833980047229181
150,2012-07,.2178869494247436,.6530978052651712,.6054951903908652,.8117172730026427
151,2012-08,.2898964506892181,.6558657106915853,.6244346275273434,.6097840006830002
152,2012-09,.0840850515463921,.2174021435857587,.2162954562510935,.4714884407955744
153,2012-10,.2424444300013001,.3109573280937004,.2705095733133043,.4715713691158559
154,2012-11,.1216854828555826,.301848340464154,.1881854799572935,.2654502930375374
155,2012-12,.1464371689937413,.3145971556129845,.2764458361874939,.3637261941152636
156,2013-01,.1969497542656337,.4238160637887968,.4186070453895062,.5019610565409112
157,2013-02,.0468865863679176,.1029439881625336,.1296437263290512,.2403605223140852
158,2013-03,-.0018992317451912,.0743922183028236,.0988975564807967,.2671311790201328
159,2013-04,.0973464892818821,.198542721673383,.2051331553429311,.300241418993299
160,2013-05,.1662174638155932,.1810319881300188,.14310895883777,.2211753007372913
161,2013-06,.076075632145068,.0549608875102774,.0482966425331584,.1596650599431467
162,2013-07,.1060550379385627,-.0560195339982615,-.0130118872445814,.0684281530336929
163,2013-08,-.0486245103669902,-.2765274333573569,-.2982199677362397,-.2031301377854622
164,2013-09,-.0563001485884096,-.323873526420336,-.4048955929516846,-.3354557445169423
165,2013-10,-.2666056365657489,-.4628142279055181,-.4846798723940948,-.4200762124023781
166,2013-11,-.1955220306513411,-.4839068583361628,-.5314583652422531,-.4674913398507375
167,2013-12,-.2268161742575375,-.4728372503307934,-.5291247489885348,-.4940782134553831
168,2014-01,-.3145687680962039,-.5511630569800787,-.616325596785164,-.5798026483026387
169,2014-02,-.3320953739243619,-.5337702249212855,-.6190324642798838,-.5983878733130474
170,2014-03,-.2366547348883634,-.4754784470697003,-.5639928661732524,-.5605925027902851
171,2014-04,-.2064698746461795,-.4299791815854244,-.5421265267528502,-.539580457254455
172,2014-05,-.2243595063746113,-.4028556580202034,-.520200894457415,-.491301152895147
173,2014-06,-.10770428422836,-.336213628110993,-.4549027892831932,-.4530339928699694
174,2014-07,-.113163295221343,-.239609985356915,-.4233041717880132,-.3942024918924459
175,2014-08,-.152908538405187,-.1934349191392701,-.3002767693468953,-.3139704365303845
176,2014-09,-.0559115743729434,-.0155577205566843,-.0853979701162406,-.0740776519975057
177,2014-10,.1625831416394717,.0495044374260218,-.0789663115462113,-.0738456010061685
178,2014-11,.0502213871111778,.0705875613205168,.008550966648781,.0237169794087515
179,2014-12,.1549101969872549,.2098194009514058,.1313909823796642,.189257416051022
180,2015-01,.0383268081599006,.2235200896739693,.1198576558091804,.1143033129482171
181,2015-02,.4082948780417865,.7115467775635802,.5207354191031736,.462800009887041
182,2015-03,.4516821102745108,.7618992391909388,.6034366757366626,.65986402005759
183,2015-04,.2492587925731028,.4304402193080939,.4295848764641926,.5520591738231082
184,2015-05,.2486871779676367,.3572791327346643,.3576735934711134,.3227270509003942
185,2015-06,.214385735965805,.3727071603886413,.3696006935590816,.3362074004793358
186,2015-07,.1440808080808088,.2073196325654225,.2414057681024266,.1654181549342186
187,2015-08,.1871081394883284,.1515963042073954,.1376835523853566,.1569005995459745
188,2015-09,.1960890593729146,.1819540660140792,.1692803393869786,.2019405872979739
189,2015-10,.0888698012930149,.1323059731552325,.1421497812905713,.1861928164954542
190,2015-11,-.1078802157604306,.0047230123637609,.010798634369801,.0020818050240873
191,2015-12,.0552533391860535,.0404783604152275,.0190973551973468,.0243543202710084
192,2016-01,.1625038981657364,-.0022335038209678,.0372052011703185,.063074979271133
193,2016-02,-.028269629991452,-.2143494687131063,-.0939913732570945,-.0634077103099848
194,2016-03,-.0566663147894005,-.06954127508637,-.0852370201483813,-.1112151813570618
195,2016-04,.1185374717247,.0173488142735464,-.0459686180563577,-.0842622509423799
196,2016-05,.0689812007277134,.0564531812921587,.0314902489684645,.0810286304604503
197,2016-06,.0594176562566047,.0433776749566207,.0466981922439639,.1140057309097258
198,2016-07,-.0439905482284348,.0464875500243552,.0481488214264075,.0699414543175535
199,2016-08,.163815665218682,.4416518367592553,.3748820128447386,.4390403434772027
200,2016-09,.104319029525569,.2934423989223624,.3050757626355417,.3122953212913196
201,2016-10,.0721927581859534,.2978171611389974,.3797204587795896,.2932641760706537
202,2016-11,.4091816169097416,.4368137643764321,.5584613740213211,.5737208658145708
203,2016-12,.1307409470752083,.1991088892686946,.297747754929131,.3288111509574408
204,2017-01,.0800512132666757,.0674875568332965,.1380008942815654,.2436349792939534
205,2017-02,-.0373546968268918,-.0370939189656241,-.0419961828841388,.0353702100021645
206,2017-03,.0239475392224879,-.1532187808876252,-.1112432640883299,-.0397488608196175
207,2017-04,-.1020634141813308,-.1970965493482459,-.1713985388306867,-.1037914761617744
208,2017-05,-.0195346944312555,-.1071573732664323,-.0807695366833537,-.0627640766957235
209,2017-06,-.0235122490497657,-.1129857092639646,-.1520633638852184,-.1006302892261775
210,2017-07,-.0063672449575856,-.1357079099211261,-.1247764622452468,-.1218310010072224
211,2017-08,-.0504700413821871,-.2557747411168727,-.2141800427869038,-.1480126102082081
212,2017-09,-.0613770375888582,-.2332270085160481,-.2572542662200549,-.1901766707958007
213,2017-10,-.0368453205983003,-.1948818793204377,-.2044997856178345,-.135403681823931
214,2017-11,-.0712640114980594,-.1871750500898414,-.2588975400490033,-.1681250707200235
215,2017-12,-.0838424447860419,-.1831313805179036,-.2342270878158511,-.1822186012169976
216,2018-01,.0240135478408122,-.0714753923316254,-.1228910987145284,-.1005547384217966
217,2018-02,.0645540289155055,-.0185716381433326,-.0595438247943752,.0199691575838372
218,2018-03,-.0460682098023367,-.05071204533411,-.0559985932411656,.0574928510704089
219,2018-04,.0496806350378439,-.0210719845134528,.0311353974482527,.0372041141057383
220,2018-05,.0484764630043081,-.0529356406639437,-.1015692928474361,-.0587010035978026
221,2018-06,-.0062092590323133,-.0578138426276089,-.1049104193018561,-.092546502488866
222,2018-07,.1070914363352468,-.0501113021293119,-.0837226814156546,-.0188963183496831
223,2018-08,-.0191417933223478,-.07520217307257,-.1416323874457439,-.086712674495749
224,2018-09,-.133296564341252,-.2194345779675243,-.2205589487815514,-.1654909706546274
225,2018-10,-.0284268390828127,-.1744358953520808,-.202454000068382,-.160572248457241
226,2018-11,-.0333859295110077,-.1823169809690435,-.2012225029382655,-.1722623986458401
227,2018-12,-.1234162466030417,-.2199703374838266,-.2473197629382483,-.1659168742216684
228,2019-01,-.198782827280545,-.1786119283316242,-.2293657640916726,-.2092322506204911
229,2019-02,.072912515200753,-.0568519007349793,-.098641207347547,-.1180585808369417
230,2019-03,-.000450622470021,-.042362247887164,-.0878642362077082,-.1241403503643237
231,2019-04,.0499813581141441,.1665906420975662,.0556354307278882,.0500561451232838
232,2019-05,.0638342540773654,.1755875911779405,.1371806556483642,.1002816334741502
233,2019-06,.0237179449536975,.0990125638759711,.1408129212482556,.1348650707726863
234,2019-07,.1318398847248176,.4010392232284418,.338769635206281,.3504655462602904
235,2019-08,.2124410370020045,.4258956808040542,.3783252419306204,.3352530161987281
236,2019-09,.3817302767387356,.8654616167022,.7596262151287645,.6083285135916719
237,2019-10,.3218091454083438,.7781499592935724,.6533060320806561,.6886657816130146
238,2019-11,.2988204456094374,.6446751615166256,.66780399358154,.6378757862640011
239,2019-12,.4373461157781957,.7879691679637668,.7962676523783154,.7188955143099768
240,2020-01,.6520943416996924,.8565634017531429,.8105717545911902,.9733789614015931
241,2020-02,.2074919993904284,.8017332366677321,.7637935343974029,.7569153881915387
242,2020-03,.3338707582275664,.9307691903729088,.8173294964791978,.840482965212822
243,2020-04,.3169746345254532,.9218746586862943,.8526866130662035,.6823658764346207
244,2020-05,.1546446392828001,.6396712065538673,.7076919581257423,.6579985514074541
245,2020-06,.491590757864305,.8868597693366423,.9059129734548874,.8529665328735327
246,2020-07,.4445853000674316,.6638122292225418,.7442441930382888,.6921679017196569
247,2020-08,.2556458897922345,.6322015437223452,.6539321987142205,.615962309655353
248,2020-09,.4304144411307159,.6439747716516038,.6897715173780659,.703024032929099
249,2020-10,.402093501224131,.7410415971535379,.7299920688182562,.6940958539293762
250,2020-11,.3819646277576012,.7997851162674469,.7455246120288415,.7570342459645112
251,2020-12,.5044304193675015,.8657547623888139,.8696005193739722,.8069890663510735
252,2021-01,.3955655874930245,.9506004486869312,.9780966782340206,.802542688440872
253,2021-02,.3815597466417411,.8114195237622857,.9338573605518335,.8632178965589469
254,2021-03,.2929968779537756,.5517232000304605,.7952277752238337,.817635297797964
255,2021-04,.0975891417263186,.0788893119576288,.2961317305928153,.500313342106912
256,2021-05,.0280981726909531,-.0237638620664993,.0563237174330862,.1764194436315381
257,2021-06,-.0874315468865352,-.0819229947838199,-.0076019603637468,.1237639054676087
258,2021-07,-.1857537622764083,-.1906939789282528,-.1192394131981048,-.0523688239690594
259,2021-08,-.0791693917593261,-.1825753599070785,-.066145885243668,-.0026829285223481
260,2021-09,-.164923963703618,-.2088998447680239,-.1604474498637674,-.0568894664176108
261,2021-10,-.2367031551835143,-.3066605019224724,-.2559254909843668,-.2039567375043115
262,2021-11,-.1331374529427979,-.2737496591218978,-.2335655819663904,-.1860918832837408
263,2021-12,-.2528427790008837,-.3401037495110552,-.3260979152349051,-.2986771858879795
264,2022-01,-.276837776703491,-.4152864627798658,-.403052769734799,-.3979342501327967
265,2022-02,-.2857493576934064,-.4845861767911836,-.4822820913746361,-.443491407877296
266,2022-03,-.2922219465513589,-.4876074705743151,-.5151640047247529,-.4918186942835603
267,2022-04,-.2754783269680032,-.4542620648677924,-.5164727123907654,-.5150715911769361
268,2022-05,-.246190675228939,-.4344941500974786,-.4972912623026846,-.5042631816133399
269,2022-06,-.3253559884870025,-.4775581175500876,-.5716406692921074,-.5778905216004333
270,2022-07,-.3823808628415005,-.5247928381090667,-.5960881035445644,-.6241213225722462
271,2022-08,-.3501500408395162,-.5173572802202485,-.6152835845602453,-.6208355809218872
272,2022-09,-.3308428704426393,-.5722109552209852,-.647380824277567,-.653460230854284
273,2022-10,-.4130251391935224,-.6097482070567475,-.6687860203230456,-.6803274806073045
274,2022-11,-.4768461775134781,-.6470945657175556,-.7082563114660453,-.7238165766959639
275,2022-12,-.4590915074374478,-.6321749696919231,-.687080156548717,-.7253936839219324
276,2023-01,-.4333404859368815,-.6424432539252548,-.7165414328848191,-.6904066347737438
277,2023-02,-.2831871847547177,-.5784192073384626,-.649506253630488,-.652439510662392
278,2023-03,-.2758866757639873,-.5000299326941995,-.5645039863850907,-.5725322351855593
279,2023-04,-.3381781891924749,-.4521482470990874,-.5424620268416016,-.5003076317279067
280,2023-05,-.1909277648956543,-.3207579655249254,-.3743872549019612,-.3541543943856588
281,2023-06,-.1450112748374375,-.260188470179218,-.282151595441237,-.2776344034152577
282,2023-07,-.1062523204871171,-.2479309737629871,-.2811584309346876,-.1444665138782784
283,2023-08,-.10230680428709,-.2091725761629078,-.2156475314006496,-.1949041312149502
284,2023-09,-.2308400379439963,-.2451039681211216,-.2367519097075995,-.1905074300482086
285,2023-10,-.0781072992577326,-.1766678841969845,-.1930176651140825,-.1390177462188126
286,2023-11,-.0735145245418014,-.0930057998042227,-.107656300752415,-.1033319691217796
287,2023-12,-.0702752791635858,-.1269793764987976,-.1855899702478208,-.0279082102241689
288,2024-01,.0899346062539151,.035082312453454,.0450115459766718,-.0229251765301913
289,2024-02,.0025871490064006,.1292069650889616,.0665967378192676,.0358098909335648
290,2024-03,-.0976659751037341,-.0342553155094869,-.1010657138897034,-.0652191386021502
291,2024-04,.138274015504476,.0523851135650851,.0915932516191956,.051344562647754
292,2024-05,.0124374041104949,.0056540474450935,-.0141271222542229,-.0127805240577876
293,2024-06,-.1359624769864696,-.1464576233923293,-.106324812890508,-.056249304396217
294,2024-07,.0850358504831313,.1234463677405127,.1331656673775675,.0811624916658732
295,2024-08,.0063386497838928,.0215376446407918,.0339759923198489,.0698390259473757
296,2024-09,.1554223801649862,.138304454339001,.0941367718714441,.0997924827171267
297,2024-10,.2276541307876423,.3979253304117734,.3727208649741295,.442096902303413
298,2024-11,.241872710622711,.2605505526429201,.242311067674568,.3735933393141029
299,2024-12,.2010993768184532,.2955641209329664,.3343592613318457,.4283788554738906
300,2025-01,.0984552888983907,.0972830806639689,.1140108333522203,.1864730855235436
301,2025-02,-.0211776744599901,-.0325081375616379,-.0370018882026657,.1473845881206237
302,2025-03,.0930237014044545,.0280312584132767,.0602059259386167,.1550773237031843
303,2025-04,.0789578715851867,.1237791669038361,.1030276688983084,.1851240250158122
304,2025-05,.0852153846153863,.0320937280380534,.0106843841060082,.1935965872798606
305,2025-06,.104391794767728,.1230090119676643,.0801201486048544,.1284730411811878
306,2025-07,.0405372293178952,-.0128538930065302,.0084693699996132,.0815778171767128
307,2025-08,-.0485750364842086,-.0463779796581655,-.0121085405526145,.0501374651009137
308,2025-09,.0623855006268071,.0836083373392908,.1297461279316571,.1873467897334862
309,2025-10,.1069854785467373,.0930559698785501,.0759682905945717,.0919265093698591
310,2025-11,.0284250198243552,.0915540227254238,.1295180332575399,.1542894180165464
311,2025-12,.1876385039364544,.241937732100949,.2357705965006699,.2056893537811927
312,2026-01,.0946839337724518,.2433553857866369,.1920958538120331,.3443549430086636
313,2026-02,.2290656252705056,.3708985093443286,.3825887228478177,.3868286933968317
