month,date,vol,vol_unadj,credit_score_group
84,2007-01,1279538656.93065,1170868639.89899,Subprime
84,2007-01,1543994966.9699,1277578770.20202,Near-prime
84,2007-01,2165329503.50571,2168052189.39394,Deep subprime
84,2007-01,2683132503.04977,2135586195.45455,Prime
84,2007-01,3290016308.90719,2394215911.61616,Super-prime
85,2007-02,1299194992.95272,854024753.030303,Subprime
85,2007-02,1640692610.9299,934735694.949495,Near-prime
85,2007-02,2411618249.93014,2170594134.84849,Deep subprime
85,2007-02,3028336634.85256,1540035991.91919,Prime
85,2007-02,3626494612.17338,1617830038.88889,Super-prime
86,2007-03,1361480690.66519,830450118.686869,Subprime
86,2007-03,1866080729.19836,895748065.151515,Near-prime
86,2007-03,2918696123.6974,2504002426.26263,Deep subprime
86,2007-03,3017685174.35618,1271565298.48485,Prime
86,2007-03,4186925801.5449,1592750013.13131,Super-prime
87,2007-04,1370465605.92,842035348.484849,Subprime
87,2007-04,1745807737.62708,862306820.7070709,Near-prime
87,2007-04,2314308468.98838,1919322721.21212,Deep subprime
87,2007-04,3205272438.92825,1310890467.17172,Prime
87,2007-04,3976954594.7496,1488636562.12121,Super-prime
88,2007-05,1363031761.72292,948241051.010101,Subprime
88,2007-05,1653541338.14075,994727118.686869,Near-prime
88,2007-05,2315175026.85452,1969550853.0303,Deep subprime
88,2007-05,2917634054.8607,1654420875.75758,Prime
88,2007-05,3368937079.12394,1912628326.76768,Super-prime
89,2007-06,1302599675.19093,921100001.515152,Subprime
89,2007-06,2225229831.22359,1271625438.38384,Near-prime
89,2007-06,2291013747.2137,1818132306.56566,Deep subprime
89,2007-06,3247420092.17966,2070740296.46465,Prime
89,2007-06,4147477020.8181,2610623332.32323,Super-prime
90,2007-07,1154254287.48577,1045108878.28283,Subprime
90,2007-07,1628154557.64263,1391680651.0101,Near-prime
90,2007-07,2157855493.9525,1968642301.0101,Deep subprime
90,2007-07,2798225177.4053,2312351061.11111,Prime
90,2007-07,3521875485.19323,3199920385.35353,Super-prime
91,2007-08,1060864474.6094,2440299861.61616,Subprime
91,2007-08,1266960902.86863,3936552870.70707,Near-prime
91,2007-08,2053154978.73083,7369960185.85859,Prime
91,2007-08,2214398395.65067,3442008477.27273,Deep subprime
91,2007-08,2604918289.66638,10297978991.4141,Super-prime
92,2007-09,1223541975.58575,2755106433.83838,Near-prime
92,2007-09,2199417795.51761,3380491306.56566,Deep subprime
92,2007-09,2261406269.57278,4986723737.37374,Prime
92,2007-09,2920418064.08332,6354541870.70707,Super-prime
92,2007-09,970255193.939162,2057260165.65657,Subprime
93,2007-10,1203333542.79063,1321064859.09091,Near-prime
93,2007-10,2056264717.14247,2558497005.05051,Deep subprime
93,2007-10,2196331687.05826,2162314689.39394,Prime
93,2007-10,2626834147.35337,2269840310.60606,Super-prime
93,2007-10,829681536.6747921,1002272439.39394,Subprime
94,2007-11,1174065078.40276,799942316.666667,Subprime
94,2007-11,1529394548.42689,964124765.656566,Near-prime
94,2007-11,2547667276.51206,2144374331.31313,Deep subprime
94,2007-11,2858037265.6887,1630756860.60606,Prime
94,2007-11,3439001610.34669,1659047887.37374,Super-prime
95,2007-12,1023259936.22506,600706526.2626261,Subprime
95,2007-12,1414629736.61663,729959287.878788,Near-prime
95,2007-12,2064899174.46193,1433027518.68687,Deep subprime
95,2007-12,2446032148.74501,1204556967.17172,Prime
95,2007-12,2818121133.15272,1308856435.85859,Super-prime
96,2008-01,1348766579.16271,1126368164.14141,Near-prime
96,2008-01,2075985889.79703,2044605970.70707,Deep subprime
96,2008-01,2393727290.6835,1898387095.9596,Prime
96,2008-01,2908338449.09944,2159946156.06061,Super-prime
96,2008-01,965756831.608258,877328784.343434,Subprime
97,2008-02,1049207018.53873,685512036.363636,Subprime
97,2008-02,1380759649.03124,781045827.272727,Near-prime
97,2008-02,2093989104.63281,1871109441.41414,Deep subprime
97,2008-02,2413052833.65899,1216700408.58586,Prime
97,2008-02,3053285026.81864,1363454966.16162,Super-prime
98,2008-03,1156340528.68534,544711133.838384,Near-prime
98,2008-03,1918956118.0723,1622823584.34343,Deep subprime
98,2008-03,2216606139.15781,905005363.636364,Prime
98,2008-03,2693212408.06437,983528202.5252531,Super-prime
98,2008-03,785863983.037086,481826837.878788,Subprime
99,2008-04,1197560631.79836,598443494.444445,Near-prime
99,2008-04,2031447898.62006,862904939.89899,Prime
99,2008-04,2072766588.93866,1720658682.82828,Deep subprime
99,2008-04,2748004973.07641,1070764920.20202,Super-prime
99,2008-04,856446591.315273,532242090.909091,Subprime
100,2008-05,1938106826.12426,1684404769.69697,Deep subprime
100,2008-05,1990074375.34161,1142520581.81818,Prime
100,2008-05,2555934341.97936,1439203529.29293,Super-prime
100,2008-05,821790388.27398,576414480.808081,Subprime
100,2008-05,998313861.49841,604096076.7676769,Near-prime
101,2008-06,1660532739.77484,1019725428.28283,Prime
101,2008-06,1804708077.60547,1417785114.64646,Deep subprime
101,2008-06,2526312194.42875,1527190283.33333,Super-prime
101,2008-06,640299206.587979,457104234.848485,Subprime
101,2008-06,971531739.365955,558223805.5555561,Near-prime
102,2008-07,1200147968.32557,1007681748.48485,Near-prime
102,2008-07,2125190238.66321,1769952643.9394,Prime
102,2008-07,2543029862.75057,2338646352.52525,Deep subprime
102,2008-07,2645626035.66214,2404668001.51515,Super-prime
102,2008-07,952259057.39305,860364099.494949,Subprime
103,2008-08,1221002640.01928,3667748844.9495,Near-prime
103,2008-08,2078387672.70013,7251952503.03031,Prime
103,2008-08,2474991133.3577,3692698744.9495,Deep subprime
103,2008-08,2730698845.14136,10502790541.4141,Super-prime
103,2008-08,986918125.725642,2281677084.84849,Subprime
104,2008-09,1046782737.21282,2207130062.12121,Subprime
104,2008-09,1310872880.92737,3096485513.63636,Near-prime
104,2008-09,2377462323.02802,5484671334.34343,Prime
104,2008-09,2609657315.00733,4283532921.21212,Deep subprime
104,2008-09,2917670086.5631,6682764951.51515,Super-prime
105,2008-10,1041097838.47127,1246878484.34343,Subprime
105,2008-10,1321568838.22415,1458312083.33333,Near-prime
105,2008-10,2457329685.27301,2392508336.86869,Prime
105,2008-10,2660060750.19209,3254136778.28283,Deep subprime
105,2008-10,3060720166.82758,2672469937.37374,Super-prime
106,2008-11,1232863476.45993,734367348.484849,Near-prime
106,2008-11,2079038236.52608,1141721183.83838,Prime
106,2008-11,2528393381.98449,2017799878.28283,Deep subprime
106,2008-11,2769400062.48899,1264729075.75758,Super-prime
106,2008-11,962891749.894487,656858648.989899,Subprime
107,2008-12,1068120871.0029,619083357.575758,Subprime
107,2008-12,1298199312.74926,700230486.868687,Near-prime
107,2008-12,2126825553.26588,1095890452.0202,Prime
107,2008-12,2818117047.90667,1393842681.31313,Super-prime
107,2008-12,3011152618.46349,2162788811.11111,Deep subprime
108,2009-01,1053240265.93444,951728820.202021,Subprime
108,2009-01,1253355035.95407,1041648116.16162,Near-prime
108,2009-01,2217747399.04752,1760790023.73737,Prime
108,2009-01,2679347355.09666,1997187788.38384,Super-prime
108,2009-01,2759602098.55787,2748705542.42424,Deep subprime
109,2009-02,1109711644.0642,718629821.212121,Subprime
109,2009-02,1227696338.31023,678921729.79798,Near-prime
109,2009-02,2159483334.46803,1067465083.83838,Prime
109,2009-02,2586522159.29495,2266187118.18182,Deep subprime
109,2009-02,2612560261.92032,1144606029.79798,Super-prime
110,2009-03,1030388190.54986,635599920.7070709,Subprime
110,2009-03,1332494340.8236,646129952.020202,Near-prime
110,2009-03,2270384951.67219,958650241.414142,Prime
110,2009-03,2626350419.59402,1011341504.0404,Super-prime
110,2009-03,2680025316.39597,2381480735.85859,Deep subprime
111,2009-04,1239543917.14219,616073783.838384,Near-prime
111,2009-04,2150277987.65704,894911897.474748,Prime
111,2009-04,2634567928.80908,2183075648.48485,Deep subprime
111,2009-04,2746470200.06337,1018164770.70707,Super-prime
111,2009-04,997870317.585674,629247223.2323231,Subprime
112,2009-05,1032291998.94416,739448157.575758,Subprime
112,2009-05,1367310605.69757,804711262.626263,Near-prime
112,2009-05,2245744979.05766,1246075879.29293,Prime
112,2009-05,2760400036.04192,2272069132.32323,Deep subprime
112,2009-05,2815707475.83223,1540217336.36364,Super-prime
113,2009-06,1097258907.52756,679073441.4141411,Near-prime
113,2009-06,1673528130.68997,1108457836.86869,Prime
113,2009-06,2379216282.6702,2030851360.60606,Deep subprime
113,2009-06,2561314468.3552,1734154186.36364,Super-prime
113,2009-06,922951840.69662,670821465.151515,Subprime
114,2009-07,1069725634.27027,963966191.414142,Subprime
114,2009-07,1269876652.11247,1056264446.46465,Near-prime
114,2009-07,2320928532.96311,1909125010.10101,Prime
114,2009-07,2870692710.77567,2604117068.18182,Super-prime
114,2009-07,2937022665.72269,2738503612.62626,Deep subprime
115,2009-08,1010109574.1688,2352728343.9394,Subprime
115,2009-08,1278829584.14213,3833673764.64646,Near-prime
115,2009-08,2216228784.63184,7535191312.62627,Prime
115,2009-08,2842378678.6312,10543383783.8384,Super-prime
115,2009-08,2867702980.95232,4253825015.15152,Deep subprime
116,2009-09,1086342946.26471,2272966707.57576,Subprime
116,2009-09,1265435468.62108,2986977415.15152,Near-prime
116,2009-09,2103202829.97007,4990440982.32324,Prime
116,2009-09,2727272383.59346,6264514107.07071,Super-prime
116,2009-09,2766463747.74446,4446108630.30303,Deep subprime
117,2009-10,1079523816.30828,1273452022.72727,Subprime
117,2009-10,1273164604.13288,1340030972.72727,Near-prime
117,2009-10,2149334920.93575,2003501623.73737,Prime
117,2009-10,2654570410.76657,2205883607.57576,Super-prime
117,2009-10,2945327738.04239,3490464684.34344,Deep subprime
118,2009-11,1091974910.6456,741418456.565657,Subprime
118,2009-11,1305819462.98038,809239056.565657,Near-prime
118,2009-11,2226526378.66982,1233623250.50505,Prime
118,2009-11,2653979408.32421,1265055913.13131,Super-prime
118,2009-11,3028614250.03682,2524812564.64646,Deep subprime
119,2009-12,1083085979.79806,612208900,Subprime
119,2009-12,1225549160.67402,640915474.242424,Near-prime
119,2009-12,2196156040.47275,1133970569.69697,Prime
119,2009-12,2690409951.30019,1346887490.90909,Super-prime
119,2009-12,3132395557.68073,2216252658.08081,Deep subprime
120,2010-01,1104619209.8265,992381433.333334,Subprime
120,2010-01,1310433226.3018,1029727419.19192,Near-prime
120,2010-01,2227032566.35028,1666303750,Prime
120,2010-01,2788694950.45266,1985598326.26263,Super-prime
120,2010-01,3052107915.98378,2830952030.30303,Deep subprime
121,2010-02,1097410108.26666,706749950,Subprime
121,2010-02,1331118157.94663,721265389.39394,Near-prime
121,2010-02,2113132015.915,1019642516.66667,Prime
121,2010-02,2704316234.44174,1187967234.84849,Super-prime
121,2010-02,3016905299.11761,2627177833.33333,Deep subprime
122,2010-03,1187300147.5426,738285978.282828,Subprime
122,2010-03,1290964298.99613,610495836.363636,Near-prime
122,2010-03,2201298227.47503,924838352.020202,Prime
122,2010-03,2837940201.21794,1090758593.43434,Super-prime
122,2010-03,3032431534.27413,2729801624.24242,Deep subprime
123,2010-04,1106824238.91952,717102624.747475,Subprime
123,2010-04,1288702747.69218,654937048.989899,Near-prime
123,2010-04,2186704257.1072,928099755.5555561,Prime
123,2010-04,2548552782.13412,964682298.989899,Super-prime
123,2010-04,2772527310.74827,2341966340.90909,Deep subprime
124,2010-05,1090639255.42468,807515969.191919,Subprime
124,2010-05,1321644111.64483,795352272.727273,Near-prime
124,2010-05,2078108893.11274,1176080137.87879,Prime
124,2010-05,2433687969.34234,1387269476.26263,Super-prime
124,2010-05,2691866651.53359,2276521236.36364,Deep subprime
125,2010-06,1212082476.49836,891454420.7070709,Subprime
125,2010-06,1332105167.74509,831123488.383839,Near-prime
125,2010-06,2157342767.79621,1397354337.87879,Prime
125,2010-06,2490122124.37467,1717501650.50505,Super-prime
125,2010-06,3077868277.23571,2610074424.74748,Deep subprime
126,2010-07,1130692838.83944,1010997295.45455,Subprime
126,2010-07,1226975282.11861,970423402.525252,Near-prime
126,2010-07,1964927490.43483,1559901615.65657,Prime
126,2010-07,2454073209.3454,2202052440.40404,Super-prime
126,2010-07,2768093981.58792,2475690314.14141,Deep subprime
127,2010-08,1196881788.18128,2808622251.51515,Subprime
127,2010-08,1299604638.66254,4215426983.33333,Near-prime
127,2010-08,2162791207.39743,7876561209.59596,Prime
127,2010-08,2690524918.08331,10635588747.9798,Super-prime
127,2010-08,2839239490.95007,4391789848.9899,Deep subprime
128,2010-09,1179416145.83083,2444610076.76768,Subprime
128,2010-09,1429172050.93568,3339645585.85859,Near-prime
128,2010-09,2327901410.06391,5437200146.46465,Prime
128,2010-09,2890855848.59072,4695448073.73737,Deep subprime
128,2010-09,2937116060.25029,6440011609.59596,Super-prime
129,2010-10,1244620308.16708,1432730565.65657,Subprime
129,2010-10,1468097440.36932,1504044451.51515,Near-prime
129,2010-10,2543448684.87953,2256636581.81818,Prime
129,2010-10,2917883775.56996,3367929420.20202,Deep subprime
129,2010-10,3212179882.91758,2574287906.56565,Super-prime
130,2010-11,1325065815.63117,902405493.4343441,Subprime
130,2010-11,1386064355.87343,867266932.323233,Near-prime
130,2010-11,2466794320.75591,1410772666.66667,Prime
130,2010-11,2820909280.43542,2348346729.29293,Deep subprime
130,2010-11,2891201134.24649,1508958292.42424,Super-prime
131,2010-12,1209987796.95031,666745306.060606,Subprime
131,2010-12,1225614855.12515,622207123.2323231,Near-prime
131,2010-12,1973878128.59062,1012711021.21212,Prime
131,2010-12,2663421961.62494,1904830030.80808,Deep subprime
131,2010-12,2842549798.51515,1420790046.9697,Super-prime
132,2011-01,1159681160.04423,1035702133.83838,Subprime
132,2011-01,1539949255.96156,1181009621.71717,Near-prime
132,2011-01,2481522133.79463,1826753737.87879,Prime
132,2011-01,2791567886.41485,2568594861.11111,Deep subprime
132,2011-01,3140988423.30439,2253097983.33333,Super-prime
133,2011-02,1166877933.25841,752789427.272728,Subprime
133,2011-02,1497336457.65766,790906548.484849,Near-prime
133,2011-02,2486196731.57154,2150625564.14141,Deep subprime
133,2011-02,2597240723.41962,1222281728.28283,Prime
133,2011-02,3037566888.01318,1334934403.53535,Super-prime
134,2011-03,1413225524.94358,673275991.414142,Near-prime
134,2011-03,1422278838.38596,894498397.474748,Subprime
134,2011-03,2479950151.43358,1028382390.90909,Prime
134,2011-03,2490179442.01611,2238855527.27273,Deep subprime
134,2011-03,2815716706.0858,1077646383.83838,Super-prime
135,2011-04,1522662940.60514,1020577127.77778,Subprime
135,2011-04,1938362249.97671,938448400,Near-prime
135,2011-04,3401202718.41964,1398163104.0404,Prime
135,2011-04,3553859596.18297,2887463833.83838,Deep subprime
135,2011-04,5074993974.75829,1817973107.57576,Super-prime
136,2011-05,1469613448.34277,1119039446.9697,Subprime
136,2011-05,1578897169.27966,1035125103.53535,Near-prime
136,2011-05,2868472747.90126,1744816061.11111,Prime
136,2011-05,3032004183.41566,2703751979.29293,Deep subprime
136,2011-05,3168196859.01592,2059502865.15152,Super-prime
137,2011-06,1451441331.37213,1084733787.37374,Subprime
137,2011-06,1647949129.74103,1044479650.50505,Near-prime
137,2011-06,2582431858.06962,1636013657.57576,Prime
137,2011-06,3033123750.80016,2636531730.80808,Deep subprime
137,2011-06,3166672005.76441,2270877327.27273,Super-prime
138,2011-07,1435180480.17067,1266005900.50505,Subprime
138,2011-07,1569634756.98003,1218992145.45455,Near-prime
138,2011-07,2545704272.90006,1976034698.9899,Prime
138,2011-07,2924433234.86082,2581316734.84849,Deep subprime
138,2011-07,3100895004.12851,2784002142.92929,Super-prime
139,2011-08,1409361996.10988,3311468798.9899,Subprime
139,2011-08,1554082945.8697,5076661604.54546,Near-prime
139,2011-08,2622602232.82427,9825838250.505051,Prime
139,2011-08,2977312799.03449,11729369291.9192,Super-prime
139,2011-08,3230040965.24005,5020414912.12121,Deep subprime
140,2011-09,1318374234.91399,2704231466.66667,Subprime
140,2011-09,1459190916.58493,3438849602.0202,Near-prime
140,2011-09,2451145328.71669,5810284549.49495,Prime
140,2011-09,2816459923.0552,4627797728.78788,Deep subprime
140,2011-09,2827471277.57705,6053264494.9495,Super-prime
141,2011-10,1108867340.83275,1245262985.85859,Subprime
141,2011-10,1174313307.45753,1162051038.88889,Near-prime
141,2011-10,2223598199.83137,1903608685.85859,Prime
141,2011-10,2418365349.84703,1875038472.72727,Super-prime
141,2011-10,2523570310.05024,2904488271.21212,Deep subprime
142,2011-11,1275449532.57442,875682633.838384,Subprime
142,2011-11,1510261173.96421,927480596.464646,Near-prime
142,2011-11,2507693902.80799,1402365033.33333,Prime
142,2011-11,2872273932.64309,2327561706.56566,Deep subprime
142,2011-11,3173591115.34922,1718653392.42424,Super-prime
143,2011-12,1060352251.78001,576100930.808081,Subprime
143,2011-12,1309092175.4319,637448795.454545,Near-prime
143,2011-12,2207889212.86626,1103211304.54546,Prime
143,2011-12,2835012043.1274,1926009279.79798,Deep subprime
143,2011-12,3067899063.59593,1550353101.51515,Super-prime
144,2012-01,1318246561.20941,1171187078.78788,Subprime
144,2012-01,1401382272.27047,1119961343.93939,Near-prime
144,2012-01,2419182562.77173,1857667312.62626,Prime
144,2012-01,2652161197.86802,2493666318.18182,Deep subprime
144,2012-01,2720591890.19577,2093796856.56566,Super-prime
145,2012-02,1199133992.65363,782858311.111111,Subprime
145,2012-02,1463907690.00952,753592087.878788,Near-prime
145,2012-02,2347266481.39897,1092589187.87879,Prime
145,2012-02,2419565257.54711,1077486163.63636,Super-prime
145,2012-02,2762451225.02398,2389209892.92929,Deep subprime
146,2012-03,1275323297.24207,817170042.424243,Subprime
146,2012-03,1461177340.45976,711851982.3232321,Near-prime
146,2012-03,2340489136.44952,2175896251.51515,Deep subprime
146,2012-03,2608491673.79515,1075268886.36364,Prime
146,2012-03,2933021838.16467,1133758894.9495,Super-prime
147,2012-04,1279369245.96669,889765533.838384,Subprime
147,2012-04,1683371568.23123,819010708.080808,Near-prime
147,2012-04,2691463958.31596,2186240584.84849,Deep subprime
147,2012-04,2788573675.73466,1117861567.67677,Prime
147,2012-04,2971673212.8328,1059032252.52525,Super-prime
148,2012-05,1533239238.84573,1192473486.86869,Subprime
148,2012-05,1631944371.08787,1081289333.83838,Near-prime
148,2012-05,2732681496.9282,2495405271.71717,Deep subprime
148,2012-05,2807958180.17914,1758282957.57576,Prime
148,2012-05,3089802830.56045,2109591797.47475,Super-prime
149,2012-06,1537249804.56622,1166043227.27273,Subprime
149,2012-06,1691587592.39105,1107419550,Near-prime
149,2012-06,2819982309.89615,2489144367.67677,Deep subprime
149,2012-06,3038717557.25335,1941759055.05051,Prime
149,2012-06,3368229145.28036,2554929950,Super-prime
150,2012-07,1811530284.63506,1571638426.26263,Subprime
150,2012-07,2214784579.99073,1710457885.35354,Near-prime
150,2012-07,2853063116.54098,2520309875.75758,Deep subprime
150,2012-07,3371706743.83646,2617552547.47475,Prime
150,2012-07,3804172518.87926,3476315146.9697,Super-prime
151,2012-08,1403564524.52715,3260235171.71717,Subprime
151,2012-08,1582924630.15224,5270117353.53535,Near-prime
151,2012-08,2425086534.90032,3720587491.91919,Deep subprime
151,2012-08,2599330166.14031,9847607025.75758,Prime
151,2012-08,2896692580.9788,11333998317.1717,Super-prime
152,2012-09,1312799574.46466,2670107569.19192,Subprime
152,2012-09,1474718036.63229,3237949850,Near-prime
152,2012-09,2255611357.02946,5076238552.0202,Prime
152,2012-09,2600816876.17463,4035647740.90909,Deep subprime
152,2012-09,2775327842.94372,5382686416.16162,Super-prime
153,2012-10,1339623369.83286,1464957296.46465,Subprime
153,2012-10,1554732133.51337,1571172177.77778,Near-prime
153,2012-10,2559187517.167,3006361708.58586,Deep subprime
153,2012-10,2694603205.81243,2335733111.61616,Prime
153,2012-10,2923577458.86121,2363871540.90909,Super-prime
154,2012-11,1172224777.09485,817583887.878788,Subprime
154,2012-11,1208562515.55411,737407747.979798,Near-prime
154,2012-11,2393244577.14229,1953136892.92929,Deep subprime
154,2012-11,2465337187.36706,1342425229.29293,Prime
154,2012-11,2791616138.1018,1565340281.31313,Super-prime
155,2012-12,1245781781.36503,686624532.323233,Subprime
155,2012-12,1383095189.28618,684213646.969697,Near-prime
155,2012-12,2264864893.05111,1532495379.29293,Deep subprime
155,2012-12,2554617425.99348,1272870834.84849,Prime
155,2012-12,2584491369.9338,1316144085.85859,Super-prime
156,2013-01,1315111806.4193,1170689825.75758,Subprime
156,2013-01,1382175600.40892,1081331353.0303,Near-prime
156,2013-01,2420835482.12176,1877019886.36364,Prime
156,2013-01,2478970331.86263,2309132555.05051,Deep subprime
156,2013-01,2784949671.6242,2175174067.17172,Super-prime
157,2013-02,1237942701.55203,824115149.4949501,Subprime
157,2013-02,1272949418.15073,686823870.7070709,Near-prime
157,2013-02,2334885464.25674,2140374444.44444,Deep subprime
157,2013-02,2419137047.84688,1175056145.9596,Prime
157,2013-02,2585751651.15929,1235444225.75758,Super-prime
158,2013-03,1164629471.64442,762397424.747475,Subprime
158,2013-03,1341582002.55217,645586637.3737381,Near-prime
158,2013-03,2072442836.83815,818756808.5858589,Prime
158,2013-03,2243968852.46839,855953592.424242,Super-prime
158,2013-03,2292992960.58268,2041422976.26263,Deep subprime
159,2013-04,1111082321.24863,584316058.080808,Near-prime
159,2013-04,1200582418.0544,852321814.141414,Subprime
159,2013-04,1997577526.97497,876845480.808081,Prime
159,2013-04,2102594100.46383,873948171.717172,Super-prime
159,2013-04,2329086969.73434,2055578605.05051,Deep subprime
160,2013-05,1121679298.3174,888458714.6464649,Subprime
160,2013-05,1299108203.99152,875115849.4949501,Near-prime
160,2013-05,2116752841.66425,1333663318.18182,Prime
160,2013-05,2175716892.39654,1521716929.79798,Super-prime
160,2013-05,2399429080.14896,2223054028.78788,Deep subprime
161,2013-06,1232047375.24734,767509300.505051,Near-prime
161,2013-06,1928738438.87235,1148446139.39394,Prime
161,2013-06,2095836795.40298,1721809416.16162,Deep subprime
161,2013-06,2146531951.28991,1480273875.75758,Super-prime
161,2013-06,999378603.877664,772885419.191919,Subprime
162,2013-07,1072678676.24838,910351818.181818,Subprime
162,2013-07,1322660531.6529,1073425787.37374,Near-prime
162,2013-07,1948474242.92087,1785305958.08081,Deep subprime
162,2013-07,2246951574.572,2261576250.50505,Super-prime
162,2013-07,2271889270.25216,1906052896.9697,Prime
163,2013-08,1215257663.92818,2773372030.80808,Subprime
163,2013-08,1426285182.18844,4539436418.18182,Near-prime
163,2013-08,2268785207.97697,3360062707.07071,Deep subprime
163,2013-08,2474177487.7477,9109414631.313129,Super-prime
163,2013-08,2489392845.0713,9116850975.252529,Prime
164,2013-09,1215172356.1372,2450357668.18182,Subprime
164,2013-09,1427067073.36963,3229601017.67677,Near-prime
164,2013-09,2270539933.51548,3680783347.47475,Deep subprime
164,2013-09,2391761760.45504,5388893824.74748,Prime
164,2013-09,2516456042.14347,4843083635.85858,Super-prime
165,2013-10,1158634922.11304,1234760016.16162,Subprime
165,2013-10,1312026030.23401,1282709369.19192,Near-prime
165,2013-10,2291250131.19681,2637944642.92929,Deep subprime
165,2013-10,2342807948.69343,1993737272.72727,Prime
165,2013-10,2354517808.6006,1854358362.62626,Super-prime
166,2013-11,1265421432.02529,895176471.717172,Subprime
166,2013-11,1405254173.01231,820935949.494949,Near-prime
166,2013-11,2354103447.59754,1230635998.9899,Prime
166,2013-11,2359525589.31323,1825051825.25253,Deep subprime
166,2013-11,2567824568.34987,1440085744.44445,Super-prime
167,2013-12,1097266846.44356,597940082.3232321,Near-prime
167,2013-12,1114064786.99659,639697861.6161619,Subprime
167,2013-12,1807399049.36718,973949707.575758,Prime
167,2013-12,2242582723.10222,1625069553.53535,Deep subprime
167,2013-12,2410391902.31901,1396119517.17172,Super-prime
168,2014-01,1132403698.07505,1010967270.70707,Subprime
168,2014-01,1320636019.0624,1041725112.62626,Near-prime
168,2014-01,2177249983.81925,2032998085.35354,Deep subprime
168,2014-01,2245612545.59762,1753850699.49495,Prime
168,2014-01,2348658811.04159,1830837236.86869,Super-prime
169,2014-02,1288853397.70128,879991390.909091,Subprime
169,2014-02,1435394097.81933,742046476.2626261,Near-prime
169,2014-02,2259399348.80538,1999968868.68687,Deep subprime
169,2014-02,2321022041.36666,1097503847.47475,Prime
169,2014-02,2329599408.1876,1081483350.50505,Super-prime
170,2014-03,1178664563.80635,795844630.808081,Subprime
170,2014-03,1444257888.91395,717826993.4343441,Near-prime
170,2014-03,2279456619.58498,2086634908.58586,Deep subprime
170,2014-03,2572557944.51484,1066579707.57576,Super-prime
170,2014-03,2668767964.14779,1065697914.64646,Prime
171,2014-04,1340195658.65647,956201937.878788,Subprime
171,2014-04,1395228702.61115,736731662.121212,Near-prime
171,2014-04,2348930579.87251,2044851024.24242,Deep subprime
171,2014-04,2651062902.32217,1155208505.55556,Super-prime
171,2014-04,2709796685.31264,1174982593.43434,Prime
172,2014-05,1162976657.41845,940456922.222222,Subprime
172,2014-05,1438807703.04738,947197022.222222,Near-prime
172,2014-05,2031837591.64543,1817057293.93939,Deep subprime
172,2014-05,2230828469.7614,1379373328.28283,Prime
172,2014-05,2689249222.88062,1889383583.33333,Super-prime
173,2014-06,1220345371.04389,958404974.242424,Subprime
173,2014-06,1480083143.80464,972802113.131313,Near-prime
173,2014-06,2148103240.17695,1881851641.91919,Deep subprime
173,2014-06,2442607178.84621,1526838436.36364,Prime
173,2014-06,2671189525.35473,1942307670.20202,Super-prime
174,2014-07,1367505491.62364,1133289239.89899,Subprime
174,2014-07,1521212414.1622,1239677633.33333,Near-prime
174,2014-07,2378307234.05049,2115381361.61616,Deep subprime
174,2014-07,2593885842.51468,2204051483.33333,Prime
174,2014-07,2638836145.51628,2738440167.17172,Super-prime
175,2014-08,1302677376.38368,2914861686.86869,Subprime
175,2014-08,1603979497.24043,5019073117.67677,Near-prime
175,2014-08,2296656287.22265,3348340335.85859,Deep subprime
175,2014-08,2607120041.99782,9307146374.24242,Prime
175,2014-08,2890573487.28637,9907156944.949499,Super-prime
176,2014-09,1423699586.91826,2841911588.38384,Subprime
176,2014-09,1597466692.63236,3621668202.52525,Near-prime
176,2014-09,2385315587.49016,3827270083.83838,Deep subprime
176,2014-09,2588962231.88918,5957845690.90909,Prime
176,2014-09,2855943023.51141,5622823278.28283,Super-prime
177,2014-10,1494679525.73834,1552075743.43434,Subprime
177,2014-10,1585653096.42199,1504687529.79798,Near-prime
177,2014-10,2319134395.94542,2674795855.55556,Deep subprime
177,2014-10,2607617549.82772,2152297213.63636,Prime
177,2014-10,2839039976.4976,2179979531.31313,Super-prime
178,2014-11,1156486220.65082,833030286.363636,Subprime
178,2014-11,1587821446.34925,926998301.515151,Near-prime
178,2014-11,2327502577.77882,1754575970.70707,Deep subprime
178,2014-11,2738690106.57093,1374201930.30303,Prime
178,2014-11,3002553148.96647,1646794086.86869,Super-prime
179,2014-12,1838069369.2991,1107481816.66667,Subprime
179,2014-12,1886309492.43841,1058037808.58586,Near-prime
179,2014-12,3072067688.74987,2318058960.60606,Deep subprime
179,2014-12,3132909115.31889,1767654754.0404,Prime
179,2014-12,3151173305.73838,1942193351.51515,Super-prime
180,2015-01,1511980522.64781,1355168066.66667,Subprime
180,2015-01,1752177387.2367,1347157380.30303,Near-prime
180,2015-01,2380725985.86255,2116560366.16162,Deep subprime
180,2015-01,2867480979.53491,2201554833.83839,Prime
180,2015-01,3093591269.18442,2431153790.90909,Super-prime
181,2015-02,1438605332.00676,1004548247.9798,Subprime
181,2015-02,1675363270.28526,882473750,Near-prime
181,2015-02,2370812076.98852,2123706719.69697,Deep subprime
181,2015-02,2837870958.10627,1361775280.80808,Prime
181,2015-02,3224085736.53198,1565124101.51515,Super-prime
182,2015-03,1484663459.53625,1033323795.45455,Subprime
182,2015-03,1858416855.95016,1006169379.29293,Near-prime
182,2015-03,2344938455.33875,2266664167.67677,Deep subprime
182,2015-03,2728743686.79291,1181074311.61616,Prime
182,2015-03,3188804963.77681,1542729178.78788,Super-prime
183,2015-04,1392083675.35444,988226971.212121,Subprime
183,2015-04,1726175992.00715,919099814.141414,Near-prime
183,2015-04,2340828785.55315,2063475074.74747,Deep subprime
183,2015-04,2633268562.53252,1133471439.89899,Prime
183,2015-04,3356266744.26661,1535634427.27273,Super-prime
184,2015-05,1294232554.49459,1073480651.51515,Subprime
184,2015-05,1631343693.03231,1081658027.77778,Near-prime
184,2015-05,2252488752.08219,1999603363.13131,Deep subprime
184,2015-05,2559146036.97601,1573254105.55556,Prime
184,2015-05,3144922437.34236,2198911986.36364,Super-prime
185,2015-06,1483796221.12828,1188999880.80808,Subprime
185,2015-06,1627703047.4662,1089990801.51515,Near-prime
185,2015-06,2395878260.26668,2093920774.24242,Deep subprime
185,2015-06,2642019647.5866,1733402921.71717,Prime
185,2015-06,3097916428.87282,2406439243.9394,Super-prime
186,2015-07,1410337571.0652,1147673283.83838,Subprime
186,2015-07,1705660060.87647,1364585176.26263,Near-prime
186,2015-07,2228380720.96144,1998179401.51515,Deep subprime
186,2015-07,2561984902.94543,2208993760.10101,Prime
186,2015-07,3301827436.19739,3510644089.39394,Super-prime
187,2015-08,1251351310.70788,2757468760.10101,Subprime
187,2015-08,1548089171.51334,4753727827.27273,Near-prime
187,2015-08,2195338328.20921,3239748531.81818,Deep subprime
187,2015-08,2570143278.80779,9010395037.373739,Prime
187,2015-08,3014893222.25662,9763032308.080811,Super-prime
188,2015-09,1427129802.56087,2789601132.82828,Subprime
188,2015-09,1602434300.8627,3572058441.91919,Near-prime
188,2015-09,2158896907.58075,3353321038.88889,Deep subprime
188,2015-09,2721157745.1735,6090519703.0303,Prime
188,2015-09,3257797389.08834,6084334704.04041,Super-prime
189,2015-10,1380669729.7897,1404001636.36364,Subprime
189,2015-10,1614426582.81003,1455876687.37374,Near-prime
189,2015-10,2203132345.73081,2383333387.37374,Deep subprime
189,2015-10,2668498651.61172,2098487923.73737,Prime
189,2015-10,3650456005.28271,2758165529.79798,Super-prime
190,2015-11,1362595201.00826,837688450.505051,Near-prime
190,2015-11,1374882094.7147,1001249741.41414,Subprime
190,2015-11,1972438831.50141,1584260213.63636,Deep subprime
190,2015-11,2402430719.07105,1264001389.89899,Prime
190,2015-11,3109434291.56397,1807211388.38384,Super-prime
191,2015-12,1714118054.01106,1084338766.66667,Subprime
191,2015-12,1915539265.40907,1116428155.05051,Near-prime
191,2015-12,2564130454.73742,1966927612.62626,Deep subprime
191,2015-12,2833175425.73464,1637934212.12121,Prime
191,2015-12,3504316654.14806,2276925606.56566,Super-prime
192,2016-01,1168624931.7417,1055033769.19192,Subprime
192,2016-01,1644300550.72441,1284099381.81818,Near-prime
192,2016-01,2103844365.15698,1849903996.46465,Deep subprime
192,2016-01,2575909819.68619,1979956347.9798,Prime
192,2016-01,3490815999.85801,2763196014.14142,Super-prime
193,2016-02,1376433546.14243,974116776.262627,Subprime
193,2016-02,1758041412.29864,941915420.20202,Near-prime
193,2016-02,2205171348.07186,1983706429.29293,Deep subprime
193,2016-02,2709742759.02228,1322334511.61616,Prime
193,2016-02,3407321934.49945,1734197747.9798,Super-prime
194,2016-03,1627741345.44297,1168811023.23232,Subprime
194,2016-03,1649617625.55684,893643797.4747469,Near-prime
194,2016-03,2179466755.53263,2137762936.36364,Deep subprime
194,2016-03,2705449668.00021,1209663466.16162,Prime
194,2016-03,3325814568.8596,1731914886.36364,Super-prime
195,2016-04,1315631786.34864,925072954.545455,Subprime
195,2016-04,1778655921.27598,968520405.555555,Near-prime
195,2016-04,2022881855.79774,1791302955.55556,Deep subprime
195,2016-04,2748842623.6083,1204200629.29293,Prime
195,2016-04,3162295214.86028,1555620897.47475,Super-prime
196,2016-05,1404391528.45392,1196414058.08081,Subprime
196,2016-05,1886365616.27016,1255972676.76768,Near-prime
196,2016-05,2064344546.18068,1868673322.72727,Deep subprime
196,2016-05,2923171970.95177,1810104901.0101,Prime
196,2016-05,3510894054.72451,2497439216.16162,Super-prime
197,2016-06,1328198227.56627,1082933123.23232,Subprime
197,2016-06,1737235868.86244,1158073286.36364,Near-prime
197,2016-06,2116953529.32056,1815112530.80808,Deep subprime
197,2016-06,2956301790.61838,1938604245.45455,Prime
197,2016-06,3307582768.56403,2612922915.15152,Super-prime
198,2016-07,1220116931.26844,986239179.79798,Subprime
198,2016-07,1621489716.47415,1231901248.48485,Near-prime
198,2016-07,1991051893.29132,1690810454.54546,Deep subprime
198,2016-07,2581284501.72102,2193174281.31313,Prime
198,2016-07,3373574003.83337,3614922079.29293,Super-prime
199,2016-08,1417671321.25359,3087824387.37374,Subprime
199,2016-08,1597604335.27149,5171218304.04041,Near-prime
199,2016-08,2104336582.95543,3262841593.9394,Deep subprime
199,2016-08,2707308961.59763,9920760687.373739,Prime
199,2016-08,3359763361.28821,11133353173.7374,Super-prime
200,2016-09,1364811391.11201,2603436436.86869,Subprime
200,2016-09,1659209890.25024,3664995823.23232,Near-prime
200,2016-09,2143258774.46367,3333154657.57576,Deep subprime
200,2016-09,2661245219.42693,5793802241.91919,Prime
200,2016-09,3447697694.3416,6100514658.08081,Super-prime
201,2016-10,1294009861.35507,1299356518.18182,Subprime
201,2016-10,1689195983.27505,1503604684.84849,Near-prime
201,2016-10,1933228941.32153,2026589817.67677,Deep subprime
201,2016-10,2685940228.03146,2049528759.09091,Prime
201,2016-10,3452930862.75446,2584157347.47475,Super-prime
202,2016-11,1510921899.51108,1101466663.13131,Subprime
202,2016-11,1815462457.37284,1133242060.10101,Near-prime
202,2016-11,2391771408.2255,1927083663.63636,Deep subprime
202,2016-11,3307331883.93316,1817174003.0303,Prime
202,2016-11,3644722341.79565,2251572554.0404,Super-prime
203,2016-12,1566113313.19343,1023579877.27273,Subprime
203,2016-12,1837430542.53537,1071965246.46465,Near-prime
203,2016-12,2293171277.17002,1827218105.05051,Deep subprime
203,2016-12,2939567437.41297,1717160889.39394,Prime
203,2016-12,3671692672.43613,2388728472.72727,Super-prime
204,2017-01,1365138526.71019,1249715105.05051,Subprime
204,2017-01,1736774241.44646,1373046072.22222,Near-prime
204,2017-01,2346468284.9796,2079822309.59596,Deep subprime
204,2017-01,3037777870.44063,2369551119.69697,Prime
204,2017-01,3696107528.95574,3041178039.39394,Super-prime
205,2017-02,1464943101.25605,1044538942.42424,Subprime
205,2017-02,1663868748.4341,959622444.949494,Near-prime
205,2017-02,2243044038.26901,2081558054.54546,Deep subprime
205,2017-02,2719319322.56601,1411721982.82828,Prime
205,2017-02,3706053744.05144,2105814577.77778,Super-prime
206,2017-03,1530687366.59547,1120089198.9899,Subprime
206,2017-03,2055802608.97718,1108526029.79798,Near-prime
206,2017-03,2360951766.42688,2329379323.73737,Deep subprime
206,2017-03,3595799979.72797,1620363321.21212,Prime
206,2017-03,3987294907.37982,2147669921.21212,Super-prime
207,2017-04,1378839937.48774,956922992.929293,Subprime
207,2017-04,1692398324.76987,868935825.757576,Near-prime
207,2017-04,1979677736.59458,1609960962.12121,Deep subprime
207,2017-04,2716293127.52998,1101498266.16162,Prime
207,2017-04,3717154776.07626,1736299240.40404,Super-prime
208,2017-05,1505955140.86679,1316086577.27273,Subprime
208,2017-05,1797093766.88071,1265839797.47475,Near-prime
208,2017-05,2277900921.56796,2187499835.35354,Deep subprime
208,2017-05,2943480221.71024,1969908326.76768,Prime
208,2017-05,3807232476.77654,2926171411.61616,Super-prime
209,2017-06,1492469328.4286,1220436716.66667,Subprime
209,2017-06,1991191940.33135,1345096732.82828,Near-prime
209,2017-06,2246477248.57566,1981906587.37374,Deep subprime
209,2017-06,2813888256.39902,1878571030.80808,Prime
209,2017-06,3851427925.08336,3161335501.51515,Super-prime
210,2017-07,1213666375.81565,985439300.505051,Subprime
210,2017-07,1657626157.64176,1229109315.15152,Near-prime
210,2017-07,2172227704.13908,1849098543.43434,Deep subprime
210,2017-07,2953255012.84527,2474544114.14142,Prime
210,2017-07,3632446905.31906,3855404062.62626,Super-prime
211,2017-08,1338335323.58747,2908983674.74748,Subprime
211,2017-08,1645207680.67717,5323622909.59596,Near-prime
211,2017-08,2164040679.57855,3365944040.40404,Deep subprime
211,2017-08,2745083401.11405,10081640562.6263,Prime
211,2017-08,3683082817.93346,11925835823.2323,Super-prime
212,2017-09,1265484971.47258,2362778890.90909,Subprime
212,2017-09,1712654385.35883,3603864932.82828,Near-prime
212,2017-09,2102055375.6093,3112108832.82828,Deep subprime
212,2017-09,2748049338.78658,5788089754.0404,Prime
212,2017-09,3701143088.40731,6133137213.13131,Super-prime
213,2017-10,1313139232.07925,1307740689.39394,Subprime
213,2017-10,1702665496.55644,1591322987.37374,Near-prime
213,2017-10,2039263653.68041,2209328219.19192,Deep subprime
213,2017-10,2642512180.19491,2117258529.29293,Prime
213,2017-10,3675157392.69224,3006989190.40404,Super-prime
214,2017-11,1290032114.93155,933885297.979798,Subprime
214,2017-11,1683741755.06816,1041689064.14142,Near-prime
214,2017-11,1990441179.72797,1606325084.84849,Deep subprime
214,2017-11,2948254547.53555,1591237897.47475,Prime
214,2017-11,3678860273.77145,2234955318.18182,Super-prime
215,2017-12,1299518909.23904,865405420.7070709,Subprime
215,2017-12,1669788324.15673,923354111.6161619,Near-prime
215,2017-12,2099123705.09131,1570689755.55556,Deep subprime
215,2017-12,2771764110.29913,1535513848.9899,Prime
215,2017-12,3807531465.45648,2330836893.93939,Super-prime
216,2018-01,1342131212.0993,1249238299.49495,Subprime
216,2018-01,1698118814.30363,1434481485.35354,Near-prime
216,2018-01,1914176376.45927,1783026367.17172,Deep subprime
216,2018-01,2740909170.78034,2345324005.55556,Prime
216,2018-01,3914457251.65809,3566996993.93939,Super-prime
217,2018-02,1271355524.58894,906242867.6767679,Subprime
217,2018-02,1612618950.15567,897186761.111111,Near-prime
217,2018-02,1941957032.09543,1738795035.35354,Deep subprime
217,2018-02,2841043914.26967,1401494267.67677,Prime
217,2018-02,4041470732.19477,2240084353.53535,Super-prime
218,2018-03,1204150291.40447,897463319.191919,Subprime
218,2018-03,1602384922.62631,820534288.3838381,Near-prime
218,2018-03,1825006842.15235,1702780153.53535,Deep subprime
218,2018-03,2782431890.08993,1210285250.50505,Prime
218,2018-03,4110075372.51733,2197530489.39394,Super-prime
219,2018-04,1280602771.68807,874171763.636364,Subprime
219,2018-04,1576647789.12017,842662284.848485,Near-prime
219,2018-04,1933524064.59674,1658834969.69697,Deep subprime
219,2018-04,2792258795.28364,1173257235.85859,Prime
219,2018-04,4256154821.26587,2151039578.78788,Super-prime
220,2018-05,1297517176.76386,1140576964.14141,Subprime
220,2018-05,1564315664.4103,1117002002.52525,Near-prime
220,2018-05,1990191509.7523,1911310069.19192,Deep subprime
220,2018-05,2876237011.61062,1905173649.49495,Prime
220,2018-05,4109692250.38181,3133705891.41414,Super-prime
221,2018-06,1286112930.15054,1035675006.56566,Subprime
221,2018-06,1762184571.53146,1107209038.88889,Near-prime
221,2018-06,1796720532.77389,1501541401.0101,Deep subprime
221,2018-06,2794212366.95875,1777288491.91919,Prime
221,2018-06,4360714271.52596,3374076613.13131,Super-prime
222,2018-07,1279454262.92952,1048537247.9798,Subprime
222,2018-07,1552995830.17534,1216881536.86869,Near-prime
222,2018-07,1922428248.37019,1731311042.92929,Deep subprime
222,2018-07,2830061845.5858,2543240426.76768,Prime
222,2018-07,4191674756.78587,4877824686.86869,Super-prime
223,2018-08,1263969501.97563,2752156452.0202,Subprime
223,2018-08,1650553310.69753,5347983194.9495,Near-prime
223,2018-08,1960795346.25604,3119091271.21212,Deep subprime
223,2018-08,2801785291.59187,10255332153.5354,Prime
223,2018-08,3997541981.71185,12594536162.6263,Super-prime
224,2018-09,1175541702.11519,2181803526.76768,Subprime
224,2018-09,1527984331.82883,3203789057.57576,Near-prime
224,2018-09,1848910154.92479,2705469363.63636,Deep subprime
224,2018-09,2745953648.64389,5586979026.26263,Prime
224,2018-09,3825666093.57668,5977965082.32323,Super-prime
225,2018-10,1214247531.5369,1211172744.9495,Subprime
225,2018-10,1604315909.26174,1471065505.55556,Near-prime
225,2018-10,1902439420.46065,2065055208.58586,Deep subprime
225,2018-10,2877312802.46846,2342944620.70707,Prime
225,2018-10,4092406702.94459,3392002469.19192,Super-prime
226,2018-11,1169478838.49729,845954912.626263,Subprime
226,2018-11,1526321474.16094,957716946.4646471,Near-prime
226,2018-11,2008719386.33019,1645043375.75758,Deep subprime
226,2018-11,2729669357.41225,1507747822.72727,Prime
226,2018-11,3797854152.97632,2442568827.27273,Super-prime
227,2018-12,1260839023.82901,842400352.020202,Subprime
227,2018-12,1495879181.75927,808760912.121212,Near-prime
227,2018-12,2127901431.07375,1574118993.93939,Deep subprime
227,2018-12,2811740834.3833,1536676539.39394,Prime
227,2018-12,3712764621.7442,2248430437.37374,Super-prime
228,2019-01,1242074500.7476,1176407687.37374,Subprime
228,2019-01,1516113433.38014,1307769625.75758,Near-prime
228,2019-01,2110558462.53118,1940982428.78788,Deep subprime
228,2019-01,2705362793.04388,2342175815.65656,Prime
228,2019-01,3833682434.78326,3559423297.9798,Super-prime
229,2019-02,1266773049.45172,898450224.747474,Subprime
229,2019-02,1562432906.61263,882916148.484849,Near-prime
229,2019-02,2069406361.11481,1853487293.43434,Deep subprime
229,2019-02,2809903804.92526,1376283065.65657,Prime
229,2019-02,3694779449.6197,2103994643.43434,Super-prime
230,2019-03,1282939463.67737,956959084.343434,Subprime
230,2019-03,1567121685.87706,785930415.151515,Near-prime
230,2019-03,2108989651.99132,1893416236.36364,Deep subprime
230,2019-03,2897118026.75834,1222358909.09091,Prime
230,2019-03,3779805144.04992,1976330262.62626,Super-prime
231,2019-04,1329483057.38362,890826860.606061,Subprime
231,2019-04,1614570843.56548,852598170.20202,Near-prime
231,2019-04,2081214918.76629,1755540137.87879,Deep subprime
231,2019-04,2999148263.37867,1291967333.83838,Prime
231,2019-04,4006176182.5298,2126081121.71717,Super-prime
232,2019-05,1304052479.81473,1128756905.55556,Subprime
232,2019-05,1557646591.66495,1112442275.25253,Near-prime
232,2019-05,1904643454.993,1886546910.60606,Deep subprime
232,2019-05,2820508523.07797,1839141446.46465,Prime
232,2019-05,3991786763.7378,2957335169.19192,Super-prime
233,2019-06,1077621897.87009,841579152.5252531,Subprime
233,2019-06,1331301954.14974,813216263.636364,Near-prime
233,2019-06,1969507820.91406,1607168603.53535,Deep subprime
233,2019-06,3003188194.17444,1819051236.36364,Prime
233,2019-06,3837444400.6862,2842620378.78788,Super-prime
234,2019-07,1244250482.34085,1035196203.53535,Subprime
234,2019-07,1573229096.71971,1225236911.61616,Near-prime
234,2019-07,1768306431.41589,1660001933.33333,Deep subprime
234,2019-07,2963745066.5933,2740500568.68687,Prime
234,2019-07,4216269527.56573,4950385981.31313,Super-prime
235,2019-08,1196946130.20576,2609217548.9899,Subprime
235,2019-08,1667244151.84138,5215844038.38384,Near-prime
235,2019-08,1894525698.27376,2878878041.91919,Deep subprime
235,2019-08,2937565123.69376,10382977143.4343,Prime
235,2019-08,4280731832.81477,13039343039.3939,Super-prime
236,2019-09,1162357560.66319,2176801212.12121,Subprime
236,2019-09,1539813816.87083,3403907951.51515,Near-prime
236,2019-09,1834451991.14411,2917427707.07071,Deep subprime
236,2019-09,2732976144.61237,5859724373.23232,Prime
236,2019-09,4245752113.28595,7008379202.0202,Super-prime
237,2019-10,1202561649.15705,1222712110.60606,Subprime
237,2019-10,1507393014.49316,1383213380.30303,Near-prime
237,2019-10,1894411509.79276,2024128187.87879,Deep subprime
237,2019-10,2913991598.18304,2375597075.25253,Prime
237,2019-10,4518291445.95803,3722750382.82828,Super-prime
238,2019-11,1115117732.68618,807793251.515151,Subprime
238,2019-11,1342548045.46857,796856605.050505,Near-prime
238,2019-11,1891223814.89638,1460769796.46465,Deep subprime
238,2019-11,2740495555.37155,1466692499.49495,Prime
238,2019-11,4703121284.45768,2947363246.46465,Super-prime
239,2019-12,1056920977.30123,705384727.777778,Subprime
239,2019-12,1427219105.53203,813157053.535354,Near-prime
239,2019-12,1789733824.32695,1327542302.52525,Deep subprime
239,2019-12,2608858416.72803,1496810654.0404,Prime
239,2019-12,4720017364.57502,3064126600.50505,Super-prime
240,2020-01,1062555916.19148,1020946653.53535,Subprime
240,2020-01,1417473368.99065,1229586390.40404,Near-prime
240,2020-01,1721515811.12364,1623118621.21212,Deep subprime
240,2020-01,2763391220.90519,2397800155.05051,Prime
240,2020-01,4590023624.87711,4223407380.30303,Super-prime
241,2020-02,1091216598.28911,767316241.4141411,Subprime
241,2020-02,1461275678.15834,833716834.848485,Near-prime
241,2020-02,1677609175.28323,1513706387.37374,Deep subprime
241,2020-02,2588794149.27941,1249694180.30303,Prime
241,2020-02,5115951034.04035,2960325182.82828,Super-prime
242,2020-03,1147479835.11302,856724282.828283,Subprime
242,2020-03,1313774962.54941,653910938.3838381,Near-prime
242,2020-03,1868363937.77506,1640883768.68687,Deep subprime
242,2020-03,2811327694.27618,1166474030.80808,Prime
242,2020-03,5588607926.23979,2886161132.82828,Super-prime
243,2020-04,1024469019.5344,663094787.3737381,Subprime
243,2020-04,1374969079.11436,694048704.040404,Near-prime
243,2020-04,1761482742.88409,1421895695.9596,Deep subprime
243,2020-04,2373899490.13963,996795363.131313,Prime
243,2020-04,4464725604.23555,2255390299.49495,Super-prime
244,2020-05,1062907317.16229,1014194346.46465,Deep subprime
244,2020-05,1123846563.59439,774577870.20202,Near-prime
244,2020-05,2337579763.15645,1455975292.92929,Prime
244,2020-05,3781195585.50153,2674621892.92929,Super-prime
244,2020-05,790884146.010534,662052468.181818,Subprime
245,2020-06,1227034095.23762,769432141.414142,Near-prime
245,2020-06,1236301736.20213,1081877926.26263,Deep subprime
245,2020-06,2128027591.14388,1329434542.42424,Prime
245,2020-06,3766603640.07037,2918519360.60606,Super-prime
245,2020-06,895373886.0535851,674939368.181818,Subprime
246,2020-07,1276480100.93513,1006214409.59596,Near-prime
246,2020-07,2300210905.94982,2136031561.11111,Prime
246,2020-07,4278299045.68041,5044956056.06061,Super-prime
246,2020-07,928034583.16582,887575814.6464649,Deep subprime
246,2020-07,935329669.264569,782260705.050505,Subprime
247,2020-08,1193560426.75278,1775218421.71717,Deep subprime
247,2020-08,1287813320.76875,3984689115.15151,Near-prime
247,2020-08,2584660742.55154,8906900522.72728,Prime
247,2020-08,4222761588.38293,12407698152.5253,Super-prime
247,2020-08,867233226.121783,1886761607.07071,Subprime
248,2020-09,1229735133.9399,2778189633.33333,Near-prime
248,2020-09,2410426908.37744,5417788082.32324,Prime
248,2020-09,4073868388.54252,7296433253.0303,Super-prime
248,2020-09,874364484.045537,1667222472.22222,Subprime
248,2020-09,953641403.685452,1553987315.65657,Deep subprime
249,2020-10,1200959111.84634,1093930029.79798,Near-prime
249,2020-10,2341848353.77218,1919256557.07071,Prime
249,2020-10,4022152973.81813,3219315923.73737,Super-prime
249,2020-10,759721949.221813,807319024.242424,Subprime
249,2020-10,887331855.353457,973051683.333333,Deep subprime
250,2020-11,1204666102.46989,722887828.787879,Near-prime
250,2020-11,2141182944.50001,1131524216.16162,Prime
250,2020-11,4005036639.54301,2494928984.84849,Super-prime
250,2020-11,809446715.815835,595205695.454546,Subprime
250,2020-11,940096622.4970371,702107800,Deep subprime
251,2020-12,2060484604.34552,1196025793.43434,Prime
251,2020-12,4133566489.82874,2659220318.18182,Super-prime
251,2020-12,761722006.300994,546108071.212121,Deep subprime
251,2020-12,789754695.190141,521640409.59596,Subprime
251,2020-12,993226683.115,558511100,Near-prime
252,2021-01,1268896724.52192,1063004089.39394,Near-prime
252,2021-01,2469459455.6007,2052160643.43434,Prime
252,2021-01,4208699879.92767,3739225992.92929,Super-prime
252,2021-01,827416413.5746419,800203218.686869,Subprime
252,2021-01,850646423.358888,772349654.545455,Deep subprime
253,2021-02,1217373057.26571,730747131.313131,Near-prime
253,2021-02,2472287789.31782,1195743932.82828,Prime
253,2021-02,4943992631.37213,2842140344.44445,Super-prime
253,2021-02,772203259.842636,539396520.7070709,Subprime
253,2021-02,866688964.186663,809470892.929293,Deep subprime
254,2021-03,1269229164.25977,657310445.959596,Near-prime
254,2021-03,2430358775.2106,1067395736.86869,Prime
254,2021-03,4673157664.44136,2542873077.27273,Super-prime
254,2021-03,854682281.247324,758746461.6161619,Deep subprime
254,2021-03,901324150.992003,662811356.060606,Subprime
255,2021-04,1319329367.58624,650235552.5252531,Near-prime
255,2021-04,2644085729.1083,1099575452.52525,Prime
255,2021-04,4264305018.80645,2071953722.22222,Super-prime
255,2021-04,799672213.0567631,494423229.29293,Subprime
255,2021-04,887532483.904003,713356458.5858589,Deep subprime
256,2021-05,1245157141.42525,857322399.4949501,Near-prime
256,2021-05,2406705420.79221,1467654430.30303,Prime
256,2021-05,4506790236.08312,3070312163.13131,Super-prime
256,2021-05,556125094.5924079,537506924.242424,Deep subprime
256,2021-05,753367201.608462,613806039.89899,Subprime
257,2021-06,1251494388.04409,771492247.474748,Near-prime
257,2021-06,2449127272.68155,1571391488.88889,Prime
257,2021-06,4883252653.27561,3945479261.61616,Super-prime
257,2021-06,542259419.272639,469343172.222222,Deep subprime
257,2021-06,793260095.634927,576593554.545454,Subprime
258,2021-07,1279453412.12969,961596957.575758,Near-prime
258,2021-07,2530942264.90874,2273732778.78788,Prime
258,2021-07,4091609442.01186,4585414763.13131,Super-prime
258,2021-07,569119334.283291,542950033.838384,Deep subprime
258,2021-07,781308020.024629,649238948.484849,Subprime
259,2021-08,1238173700.45539,4005835149.49495,Near-prime
259,2021-08,2635087428.38674,9444251939.39393,Prime
259,2021-08,4216305002.91218,13194510336.8687,Super-prime
259,2021-08,750860439.7269289,1169864369.19192,Deep subprime
259,2021-08,784016923.001165,1709154461.61616,Subprime
260,2021-09,1294568326.22332,2924387348.48485,Near-prime
260,2021-09,2658839055.96405,5904333860.10101,Prime
260,2021-09,4340350889.1997,7858367030.80808,Super-prime
260,2021-09,791052455.214195,1541328773.23232,Subprime
260,2021-09,814324396.8565331,1350895372.72727,Deep subprime
261,2021-10,1237381646.29094,1073912852.52525,Near-prime
261,2021-10,2476352636.60931,1922942930.80808,Prime
261,2021-10,4298465981.31663,3216876592.42424,Super-prime
261,2021-10,697473470.9913681,771686674.747475,Subprime
261,2021-10,791146842.539734,813660138.888889,Deep subprime
262,2021-11,1179342773.81943,767830537.878788,Near-prime
262,2021-11,2602074200.60177,1528011286.86869,Prime
262,2021-11,4794007393.87083,3357709329.79798,Super-prime
262,2021-11,730909319.948221,570826033.333333,Deep subprime
262,2021-11,790743782.350351,590413399.4949501,Subprime
263,2021-12,1272242149.29273,734099007.070707,Near-prime
263,2021-12,2882737859.29408,1667754923.23232,Prime
263,2021-12,6006234112.63616,3743327073.73738,Super-prime
263,2021-12,712177049.995751,494685767.676768,Deep subprime
263,2021-12,813579587.753481,533800792.929293,Subprime
264,2022-01,1343427789.56817,1112422983.83838,Near-prime
264,2022-01,3062688545.14313,2437338762.62626,Prime
264,2022-01,5448279067.76031,4590828624.74747,Super-prime
264,2022-01,738443583.6541899,675619385.858586,Deep subprime
264,2022-01,773857700.036153,749395009.090909,Subprime
265,2022-02,1380631345.67006,794426292.424242,Near-prime
265,2022-02,2986952922.28588,1393816911.11111,Prime
265,2022-02,5544362309.24395,2975091201.51515,Super-prime
265,2022-02,736800228.9317859,512059990.909091,Subprime
265,2022-02,774224820.249156,701299870.20202,Deep subprime
266,2022-03,1420169713.7572,734959618.686869,Near-prime
266,2022-03,3003831413.77573,1289847355.55556,Prime
266,2022-03,5319113253.44623,2767693579.29293,Super-prime
266,2022-03,662751207.380893,559707541.919192,Deep subprime
266,2022-03,716166864.520741,516658033.333333,Subprime
267,2022-04,1261560039.78884,561272016.666667,Near-prime
267,2022-04,3027608747.01847,1183162893.93939,Prime
267,2022-04,610966450.6549439,454262188.383838,Deep subprime
267,2022-04,6134754229.14369,2719922303.53535,Super-prime
267,2022-04,852521656.049891,498432724.747475,Subprime
268,2022-05,1517543710.34925,1126930768.18182,Near-prime
268,2022-05,3050385489.73206,2025237146.9697,Prime
268,2022-05,5241529523.94501,3882203849.49495,Super-prime
268,2022-05,662776036.476175,684100273.2323231,Deep subprime
268,2022-05,898453409.955071,728278985.3535351,Subprime
269,2022-06,1477638451.75219,901993179.79798,Near-prime
269,2022-06,3190400205.40828,2032008736.36364,Prime
269,2022-06,5077377576.28987,4107760836.36364,Super-prime
269,2022-06,664479017.3885339,587778758.5858589,Deep subprime
269,2022-06,968948100.783874,691842416.666667,Subprime
270,2022-07,1025285942.14694,841819628.282829,Subprime
270,2022-07,1670135393.41427,1236209071.21212,Near-prime
270,2022-07,3437730089.52424,3017669646.46465,Prime
270,2022-07,5487648711.09463,6056374793.93939,Super-prime
270,2022-07,710114591.485682,675143374.747475,Deep subprime
271,2022-08,1275696828.11679,2007183481.81818,Deep subprime
271,2022-08,1486207379.75962,4699597550.50505,Near-prime
271,2022-08,3199606376.67703,11608555171.2121,Prime
271,2022-08,5305573435.90804,16577879745.4545,Super-prime
271,2022-08,987590047.342131,2146868736.86869,Subprime
272,2022-09,1016028043.81317,1993300333.83838,Subprime
272,2022-09,1261918920.47476,2163132813.13131,Deep subprime
272,2022-09,1534692442.39255,3576054247.47475,Near-prime
272,2022-09,3241196850.8948,7378133563.63637,Prime
272,2022-09,5258593788.00533,10136590383.8384,Super-prime
273,2022-10,1041424989.73471,1205781624.74748,Subprime
273,2022-10,1284680011.04421,1326236898.9899,Deep subprime
273,2022-10,1985393380.86182,1705251355.55556,Near-prime
273,2022-10,4280509769.77589,3279212885.85859,Prime
273,2022-10,6391444236.76812,4801356285.85859,Super-prime
274,2022-11,1809552394.35112,1371685795.45455,Subprime
274,2022-11,1821560083.10614,1352524074.24242,Deep subprime
274,2022-11,2888057314.75391,1911157781.31313,Near-prime
274,2022-11,6556498368.68007,3898075521.71718,Prime
274,2022-11,9502472031.71137,6469954402.52525,Super-prime
275,2022-12,1130367805.83484,732591678.282828,Deep subprime
275,2022-12,1646400109.16064,949031387.3737381,Near-prime
275,2022-12,2880410499.60597,1602566920.70707,Prime
275,2022-12,4012527960.81218,2394757378.78788,Super-prime
275,2022-12,929505194.4207211,611408997.474748,Subprime
276,2023-01,1097926662.56742,964678532.3232321,Near-prime
276,2023-01,2470210961.18727,2045099008.58586,Prime
276,2023-01,3581841999.22609,3199733736.36364,Super-prime
276,2023-01,675872565.727872,656032270.20202,Subprime
276,2023-01,811333410.805323,784246060.10101,Deep subprime
277,2023-02,1130249875.52669,645051644.949495,Near-prime
277,2023-02,2508419260.4393,1156073909.59596,Prime
277,2023-02,3544354042.20401,1771314728.78788,Super-prime
277,2023-02,833747449.317359,747040774.747475,Deep subprime
277,2023-02,893672580.678889,619933190.4040411,Subprime
278,2023-03,1249946788.09399,632452221.212121,Near-prime
278,2023-03,2854149084.2852,1197305888.38384,Prime
278,2023-03,3497661243.31978,1697112994.44444,Super-prime
278,2023-03,754308328.155793,624461529.79798,Deep subprime
278,2023-03,867393011.939079,602881880.30303,Subprime
279,2023-04,1059408059.66149,450038522.222222,Near-prime
279,2023-04,2391670318.58716,887389943.434343,Prime
279,2023-04,3264662386.42286,1333836983.83838,Super-prime
279,2023-04,688892251.3357919,494466631.313131,Deep subprime
279,2023-04,720610217.273841,401589114.646465,Subprime
280,2023-05,1174146334.1391,875930308.080808,Near-prime
280,2023-05,2537802328.82684,1782093641.41414,Prime
280,2023-05,3916609165.52189,3032370511.61616,Super-prime
280,2023-05,674810176.153729,728533628.282828,Deep subprime
280,2023-05,689782156.701383,570631850,Subprime
281,2023-06,1315325203.73429,815430361.111111,Near-prime
281,2023-06,2571591096.52372,1689410092.42424,Prime
281,2023-06,4425309082.3767,3754134077.27273,Super-prime
281,2023-06,696692695.919073,625698182.828283,Deep subprime
281,2023-06,719434125.279458,513603929.79798,Subprime
282,2023-07,1237703935.96302,904979448.484848,Near-prime
282,2023-07,2694098739.06304,2353082852.52525,Prime
282,2023-07,4588314598.12444,5188070776.76768,Super-prime
282,2023-07,769122876.282212,628145071.212121,Subprime
282,2023-07,780027019.075877,750921546.464646,Deep subprime
283,2023-08,1209959229.60811,1900116327.77778,Deep subprime
283,2023-08,1451639971.32134,4587480109.59596,Near-prime
283,2023-08,2958604754.79511,10672114355.5556,Prime
283,2023-08,5143026822.20386,16091078581.8182,Super-prime
283,2023-08,937244080.2000329,2021598072.72727,Subprime
284,2023-09,1341912046.46066,2204794680.80808,Deep subprime
284,2023-09,1528298625.97847,3384668142.42424,Near-prime
284,2023-09,3234252329.59278,7062921560.60606,Prime
284,2023-09,5594661065.28362,10313858017.6768,Super-prime
284,2023-09,976020168.124076,1908250580.80808,Subprime
285,2023-10,1207053860.01503,1449247611.11111,Subprime
285,2023-10,1438244290.36416,1521117517.17172,Deep subprime
285,2023-10,2028536651.66223,1850325376.76768,Near-prime
285,2023-10,4967840809.49364,4015740136.36363,Prime
285,2023-10,7803069106.61034,6298517742.42424,Super-prime
286,2023-11,1234643378.16627,935408415.151515,Subprime
286,2023-11,1471021138.09089,1075175326.26263,Deep subprime
286,2023-11,1814564301.2648,1221822727.27273,Near-prime
286,2023-11,4035259041.35659,2397052289.39394,Prime
286,2023-11,5870134779.50094,3835093262.12121,Super-prime
287,2023-12,1080293019.80586,717266284.343434,Subprime
287,2023-12,1495815441.83696,944072780.30303,Deep subprime
287,2023-12,1523254662.82231,909849063.131313,Near-prime
287,2023-12,3900159028.7122,2099578020.70707,Prime
287,2023-12,5755304973.80091,3287426210.60606,Super-prime
288,2024-01,1213853637.39634,1185821033.33333,Subprime
288,2024-01,1478992565.90163,1462225821.71717,Deep subprime
288,2024-01,1730986577.15711,1504537938.38384,Near-prime
288,2024-01,3663211004.63502,3037080656.56566,Prime
288,2024-01,5949197344.29195,5401331213.63636,Super-prime
289,2024-02,1385034561.33957,965895978.282828,Subprime
289,2024-02,1397571045.3963,1237055108.58586,Deep subprime
289,2024-02,1960823372.52821,1105874180.30303,Near-prime
289,2024-02,4065841703.74565,1857173968.18182,Prime
289,2024-02,5899548933.60867,2808522613.13131,Super-prime
290,2024-03,1065887138.8438,718660487.3737381,Subprime
290,2024-03,1282727908.77231,987876751.010101,Deep subprime
290,2024-03,1882459087.55118,903750388.888889,Near-prime
290,2024-03,3416921654.99454,1361210126.76768,Prime
290,2024-03,5604099862.87645,2515614421.21212,Super-prime
291,2024-04,1556177854.24446,1188349381.81818,Deep subprime
291,2024-04,1575556902.88992,846595881.313131,Subprime
291,2024-04,2450094025.34676,1054408990.90909,Near-prime
291,2024-04,4397970982.94642,1681106952.0202,Prime
291,2024-04,7193440915.27015,3044174270.70707,Super-prime
292,2024-05,1682601126.39454,1848720000.50505,Deep subprime
292,2024-05,1919518212.12003,1635248964.14141,Subprime
292,2024-05,2505570138.86923,1894445795.9596,Near-prime
292,2024-05,4866924841.72058,3540847400.50505,Prime
292,2024-05,8241726988.09974,6668675451.0101,Super-prime
293,2024-06,1566009957.31581,1126832470.20202,Subprime
293,2024-06,1579596869.39211,1348979330.80808,Deep subprime
293,2024-06,2303692819.22774,1355914548.48485,Near-prime
293,2024-06,4235443182.10098,2691807063.13131,Prime
293,2024-06,6307034204.44667,5027756498.9899,Super-prime
294,2024-07,1303047688.06519,1294797400.50505,Deep subprime
294,2024-07,1582383667.12609,1287381780.30303,Subprime
294,2024-07,1976474991.63544,1524611788.88889,Near-prime
294,2024-07,3458391898.80155,3185284205.55556,Prime
294,2024-07,5624195112.94533,7046763506.56565,Super-prime
295,2024-08,1318505334.82461,4132010731.31313,Near-prime
295,2024-08,1467963092.85945,2373603783.83838,Deep subprime
295,2024-08,2769839061.84321,10005214386.3636,Prime
295,2024-08,4929568303.7519,15240821241.4141,Super-prime
295,2024-08,881236373.6727279,1882058654.54545,Subprime
296,2024-09,1266936357.47815,2799612676.76768,Near-prime
296,2024-09,1365924083.35954,2212958329.79798,Deep subprime
296,2024-09,2850766024.52263,5986853613.13131,Prime
296,2024-09,4536034574.266,7999640120.20202,Super-prime
296,2024-09,897034834.278502,1728441840.90909,Subprime
297,2024-10,1161159138.6184,1223487003.0303,Deep subprime
297,2024-10,1204426978.50712,1085821901.0101,Near-prime
297,2024-10,2572830670.71906,2117228535.85859,Prime
297,2024-10,4445174014.14335,3580131160.60606,Super-prime
297,2024-10,737878207.940791,915907815.656566,Subprime
298,2024-11,1099381208.66894,766725388.888889,Near-prime
298,2024-11,1144897473.96697,828957749.4949501,Deep subprime
298,2024-11,2564527673.92389,1555471804.54545,Prime
298,2024-11,4541037659.85594,2936213373.73737,Super-prime
298,2024-11,795693497.270642,603221575.252525,Subprime
299,2024-12,1157116760.17758,736846146.969697,Deep subprime
299,2024-12,1308648197.25002,800511188.3838381,Near-prime
299,2024-12,2677561069.50773,1406369837.37374,Prime
299,2024-12,4930877817.25501,2814697981.81818,Super-prime
299,2024-12,857297266.992844,573086162.121212,Subprime
300,2025-01,1022333942.77484,1002440182.32323,Subprime
300,2025-01,1245133306.56608,1225992470.70707,Deep subprime
300,2025-01,1447579270.45747,1263947654.0404,Near-prime
300,2025-01,2910747722.97808,2382184607.57576,Prime
300,2025-01,4635382493.94576,4354995323.23232,Super-prime
301,2025-02,1203248459.54085,704180865.151515,Near-prime
301,2025-02,2547356409.57227,1221754939.39394,Prime
301,2025-02,4222181766.58849,2074045485.85859,Super-prime
301,2025-02,915501722.4970061,643412753.535354,Subprime
301,2025-02,920202645.282105,838588931.818182,Deep subprime
302,2025-03,1021417475.08137,771251597.979798,Deep subprime
302,2025-03,1243115230.18683,576913179.79798,Near-prime
302,2025-03,2282912297.15591,871736771.717172,Prime
302,2025-03,3990628386.02219,1669653511.11111,Super-prime
302,2025-03,905587549.339353,595046952.020202,Subprime
303,2025-04,1028061047.68843,770956034.343434,Deep subprime
303,2025-04,1185136495.41191,503886874.747475,Near-prime
303,2025-04,2311370478.93156,900757500.505051,Prime
303,2025-04,3858491523.02826,1611977199.49495,Super-prime
303,2025-04,871838016.281152,460903493.434343,Subprime
304,2025-05,1203687190.5283,1054086953.0303,Subprime
304,2025-05,1336412104.94263,971355935.858586,Near-prime
304,2025-05,1858864091.22849,2036273011.61616,Deep subprime
304,2025-05,2805906797.65692,2024035460.10101,Prime
304,2025-05,4334463771.59598,3451437296.46465,Super-prime
305,2025-06,1250424369.46993,907352426.7676769,Subprime
305,2025-06,1418022380.75488,872367657.575758,Near-prime
305,2025-06,1518697492.68565,1365172742.92929,Deep subprime
305,2025-06,2514618541.88198,1633552248.9899,Prime
305,2025-06,4230768009.18546,3397953459.09091,Super-prime
306,2025-07,1217530049.24079,991806720.7070709,Subprime
306,2025-07,1525754945.83463,1496487165.65657,Deep subprime
306,2025-07,1639539899.36653,1255118984.84849,Near-prime
306,2025-07,2792724221.74215,2602892122.72727,Prime
306,2025-07,4816885853.87677,6172239388.88889,Super-prime
307,2025-08,1026770683.78124,2175086308.59231,Subprime
307,2025-08,1451557803.46324,4345957389.44219,Near-prime
307,2025-08,1581726235.81994,2431294403.94622,Deep subprime
307,2025-08,3013686856.85892,10297256194.6513,Prime
307,2025-08,5780577890.42873,16986089020.0463,Super-prime
308,2025-09,1105215994.54526,2111258566.19552,Subprime
308,2025-09,1535977186.31056,2663871034.06813,Deep subprime
308,2025-09,1545330713.02728,3617967074.99959,Near-prime
308,2025-09,2945555234.82189,6670434362.32068,Prime
308,2025-09,5029614957.05663,9721706829.86306,Super-prime
309,2025-10,1497597745.74808,1876537562.73068,Subprime
309,2025-10,1510197570.72533,1365634211.82092,Near-prime
309,2025-10,2855020649.18937,2344712713.06032,Prime
309,2025-10,4873328761.54648,3867085670.51387,Super-prime
309,2025-10,7526896592.72205,7853329005.19937,Deep subprime
310,2025-11,1994129792.21998,1310690901.86208,Near-prime
310,2025-11,2769761859.90355,1542666792.4798,Prime
310,2025-11,29944894743.7743,19904013556.2544,Deep subprime
310,2025-11,3465664164.30259,2609970133.96652,Subprime
310,2025-11,4708975637.04634,2689993690.16197,Super-prime
311,2025-12,1878583927.02895,1233721261.54706,Near-prime
311,2025-12,2632573179.47118,1461900849.67544,Prime
311,2025-12,30420951590.731,20362332051.6762,Deep subprime
311,2025-12,3961651357.74911,2666234047.7703,Subprime
311,2025-12,4681812641.31982,2841131572.34805,Super-prime
312,2026-01,1511636837.16171,1264860215.27456,Near-prime
312,2026-01,1703547885.54867,1683869366.98476,Subprime
312,2026-01,2804677132.51892,2218677128.1565,Prime
312,2026-01,5154139205.99935,4741229584.85804,Super-prime
312,2026-01,7655596145.45049,7356260884.55495,Deep subprime
