month,date,vol,vol_unadj,income_level_group
123,2010-04,2080948564.151592,1413093324.242424,Moderate
123,2010-04,3081154412.84434,1641805877.272728,High
123,2010-04,4242816179.532185,2589077176.767676,Middle
123,2010-04,555555143.877811,353580965.1515151,Low
124,2010-05,1843867409.723352,1427720197.474748,Moderate
124,2010-05,3011916682.524502,1991596189.393939,High
124,2010-05,3898046363.076163,2919676265.151516,Middle
124,2010-05,585821527.9291745,470519759.0909091,Low
125,2010-06,2099952843.424909,1765507855.555556,Moderate
125,2010-06,3205469892.340803,2279632046.969699,High
125,2010-06,4306515804.418055,3330990051.515152,Middle
125,2010-06,584891237.9046963,468608743.9393939,Low
126,2010-07,2087260833.035488,1839228831.313132,Moderate
126,2010-07,3281541536.122967,2722468269.19192,High
126,2010-07,4132262582.379419,3520601371.717173,Middle
126,2010-07,516336558.3455282,470142061.1111111,Low
127,2010-08,2063703285.23716,5127000699.999999,Moderate
127,2010-08,3504684193.156227,12162667014.14141,High
127,2010-08,4319057812.288779,12313369685.85859,Middle
127,2010-08,518495855.9389628,1292874513.636363,Low
128,2010-09,2242672882.993745,4249616568.18182,Moderate
128,2010-09,3821135420.478578,8192770520.202022,High
128,2010-09,4840876158.5309,9866896743.434349,Middle
128,2010-09,577542025.1539974,1131347425.757577,Low
129,2010-10,2301249939.074685,2404775630.808079,Moderate
129,2010-10,4354759767.128238,3844601380.30303,High
129,2010-10,4917019147.445634,4937676613.636362,Middle
129,2010-10,625381761.7584465,669008754.0404038,Low
130,2010-11,2214580090.674414,1518917965.656565,Moderate
130,2010-11,3993368531.615052,2381611360.10101,High
130,2010-11,4874466122.980474,3102233014.141414,Middle
130,2010-11,668532790.0253069,464614008.5858585,Low
131,2010-12,2218293451.237442,1230600323.737374,Moderate
131,2010-12,3832803838.948241,1861020383.838383,High
131,2010-12,4846018719.83563,2486991164.141414,Middle
131,2010-12,563469784.2499471,313361481.3131313,Low
132,2011-01,2250673522.31156,1979237294.949495,Moderate
132,2011-01,4035564388.103265,3035404737.373736,High
132,2011-01,4775524604.091568,3838066533.333331,Middle
132,2011-01,580850618.4869038,459735770.2020203,Low
133,2011-02,2205215051.368862,1476235816.161617,Moderate
133,2011-02,4181866782.233162,2024796171.212122,High
133,2011-02,4723559237.928649,2882208197.47475,Middle
133,2011-02,570928750.3238318,397913474.2424243,Low
134,2011-03,2279485236.505053,1397912487.373738,Moderate
134,2011-03,4147284598.72578,1878106758.080808,High
134,2011-03,4749046681.827389,2663153058.080809,Middle
134,2011-03,601186395.9901657,355390880.8080808,Low
135,2011-04,2425620309.083493,1644802723.737374,Moderate
135,2011-04,5165136181.773435,2719635397.979797,High
135,2011-04,5801531063.024931,3534979490.909091,Middle
135,2011-04,633936813.1858315,406130421.2121213,Low
136,2011-05,2465546493.90591,1906576117.676769,Moderate
136,2011-05,4227587196.526372,2814377470.70707,High
136,2011-05,4970855101.783314,3719952422.222223,Middle
136,2011-05,614674925.5267843,488274043.9393939,Low
137,2011-06,2232917120.017051,1869460921.212121,Moderate
137,2011-06,4086003092.675657,2884470597.979799,High
137,2011-06,4749909673.60972,3648483794.444444,Middle
137,2011-06,651030927.2215986,515547150.0000002,Low
138,2011-07,2269922087.083186,1999663043.434344,Moderate
138,2011-07,4065328827.673489,3395582017.171714,High
138,2011-07,4843522841.920797,4148824582.323229,Middle
138,2011-07,666302871.5637859,597512138.3838383,Low
139,2011-08,2368820283.169564,5874095222.222223,Moderate
139,2011-08,4074869406.16011,14176115063.63636,High
139,2011-08,5029702150.957176,14309744462.12122,Middle
139,2011-08,637077133.6607622,1589035390.909091,Low
140,2011-09,2302226326.566666,4376925780.808084,Moderate
140,2011-09,3881338595.098971,8256679830.808086,High
140,2011-09,4853307938.493925,9913302036.363632,Middle
140,2011-09,590561572.5920751,1162953104.545455,Low
141,2011-10,2022327071.867676,2110972428.787878,Moderate
141,2011-10,3388249269.213428,2984717155.555553,High
141,2011-10,4021388043.917278,4007404919.696969,Middle
141,2011-10,545164521.6522321,585090637.8787879,Low
142,2011-11,2479114458.711856,1695154932.828283,Moderate
142,2011-11,3934152160.928488,2333057385.353536,High
142,2011-11,5030082066.439764,3192090246.969697,Middle
142,2011-11,569768202.3899451,394551443.939394,Low
143,2011-12,2317145711.724993,1301117944.949495,Moderate
143,2011-12,3943931753.122213,1945915900.505051,High
143,2011-12,4724348550.218073,2458023531.818182,Middle
143,2011-12,575311675.880475,325242622.2222222,Low
144,2012-01,2400024394.777869,2107554300.505052,Moderate
144,2012-01,3854216331.897628,2907164968.686868,High
144,2012-01,4583895727.69771,3689081557.575758,Middle
144,2012-01,557164744.6990266,443712952.0202021,Low
145,2012-02,2285396227.188389,1533323925.252525,Moderate
145,2012-02,3741122504.940329,1823986982.828282,High
145,2012-02,4558729314.743427,2803599203.030303,Middle
145,2012-02,627229091.7779673,439973420.2020202,Low
146,2012-03,2314772396.945414,1431495550.50505,Moderate
146,2012-03,3887982600.859163,1790846210.101011,High
146,2012-03,4703288251.766164,2681796958.585858,Middle
146,2012-03,574863415.4085503,346506976.2626262,Low
147,2012-04,2024508871.315512,1365550820.707071,Moderate
147,2012-04,3595764013.798752,1872800383.838384,High
147,2012-04,4426225524.670504,2681853154.040404,Middle
147,2012-04,583982058.8391504,373891035.8585858,Low
148,2012-05,2335200381.165707,1805356915.151515,Moderate
148,2012-05,4131597453.062852,2760989158.080811,High
148,2012-05,5107903862.303638,3817023205.555557,Middle
148,2012-05,640776842.6878035,498975987.3737373,Low
149,2012-06,2436130921.330081,2025379621.212121,Moderate
149,2012-06,4436064192.272522,3092321754.545454,High
149,2012-06,5169352139.974235,3940345058.080811,Middle
149,2012-06,642055847.4211829,498659565.1515152,Low
150,2012-07,2701351188.951979,2384873744.444444,Moderate
150,2012-07,4936609953.217073,4192913364.141415,High
150,2012-07,5753760659.900663,4984432763.131312,Middle
150,2012-07,685936577.831023,609834353.030303,Low
151,2012-08,2309527739.362536,5698039791.91919,Moderate
151,2012-08,4033300861.233165,13972545600.50505,High
151,2012-08,4907125475.184846,13868482876.26263,Middle
151,2012-08,635225796.3337792,1580476685.353535,Low
152,2012-09,2117552134.332274,4044879439.39394,Moderate
152,2012-09,3451085946.740463,7286803715.656567,High
152,2012-09,4481968061.80299,9152593829.797979,Middle
152,2012-09,602410482.6623436,1195383227.272727,Low
153,2012-10,2208859554.76336,2290615510.101008,Moderate
153,2012-10,4143513537.992522,3637583913.131312,High
153,2012-10,4810028548.87285,4727840564.141412,Middle
153,2012-10,608105633.4587461,648831141.9191916,Low
154,2012-11,2024791296.86818,1376852109.090909,Moderate
154,2012-11,3818408537.708041,2231628561.616162,High
154,2012-11,4330455363.101721,2730146260.606061,Middle
154,2012-11,550137939.7720455,373246119.6969697,Low
155,2012-12,2011325095.679248,1162035442.929294,Moderate
155,2012-12,3718791908.67759,1885958133.333334,High
155,2012-12,4199981909.679968,2247019999.494951,Middle
155,2012-12,569996768.8641777,334178911.6161616,Low
156,2013-01,2049469534.404634,1790929796.464647,Moderate
156,2013-01,3721220089.460345,2841701469.696969,High
156,2013-01,4675279248.387773,3781323703.030303,Middle
156,2013-01,704488578.2707492,566273758.0808083,Low
157,2013-02,2076056371.083377,1405497136.363636,Moderate
157,2013-02,3939507163.854918,1963688519.19192,High
157,2013-02,4328680068.824633,2706346992.424244,Middle
157,2013-02,501823260.8991148,358226933.8383839,Low
158,2013-03,1895703052.788486,1192056482.828283,Moderate
158,2013-03,3285515731.876167,1576798600.50505,High
158,2013-03,3921619662.436018,2301240737.373737,Middle
158,2013-03,483937590.7375597,303469910.10101,Low
159,2013-04,1804958047.132126,1204952731.313132,Moderate
159,2013-04,2876568268.504797,1484926959.595959,High
159,2013-04,3919699271.159208,2365504060.101011,Middle
159,2013-04,588238956.633854,372262661.6161616,Low
160,2013-05,1962425170.482567,1519155939.393939,Moderate
160,2013-05,3219514249.799483,2158256390.404042,High
160,2013-05,4027277370.172314,3004514980.303031,Middle
160,2013-05,488168703.4214837,372982913.6363637,Low
161,2013-06,1588373154.645213,1316787434.343434,Moderate
161,2013-06,2973178474.699213,2024973134.848485,High
161,2013-06,3172108819.364848,2405868089.898991,Middle
161,2013-06,435642462.2539188,334346776.2626263,Low
162,2013-07,1913800090.926155,1689783784.848485,Moderate
162,2013-07,3097486691.128208,2696238966.666666,High
162,2013-07,3850270017.594786,3371177217.171716,Middle
162,2013-07,406618386.2561361,356542536.3636363,Low
163,2013-08,1981245282.592405,4843262499.999997,Moderate
163,2013-08,3474691317.998752,11909357958.58586,High
163,2013-08,4093758471.588921,11448529698.98991,Middle
163,2013-08,524227365.5547078,1290057607.070707,Low
164,2013-09,1989927149.058416,3808699385.35354,Moderate
164,2013-09,3398884793.064144,7106984466.666664,High
164,2013-09,4142735207.916983,8426111365.656567,Middle
164,2013-09,509429446.3297614,1016320712.626263,Low
165,2013-10,1934796728.955865,1992536378.282829,Moderate
165,2013-10,3363910711.233373,2928940208.080805,High
165,2013-10,4103732260.631225,3960232587.373737,Middle
165,2013-10,515044990.7774907,548051178.2828283,Low
166,2013-11,2011566966.31935,1361045730.30303,Moderate
166,2013-11,3539703247.369562,2049236125.757575,High
166,2013-11,4299379607.237513,2689201631.31313,Middle
166,2013-11,546241843.2244599,365917579.2929293,Low
167,2013-12,1803475331.356883,1086803745.959596,Moderate
167,2013-12,3412761606.714756,1803909217.171717,High
167,2013-12,4000616670.066873,2230491121.212121,Middle
167,2013-12,439542970.9825669,269896205.050505,Low
168,2014-01,1921462997.55396,1672686804.545454,Moderate
168,2014-01,3313921920.031819,2565900437.878787,High
168,2014-01,3974453518.82758,3242744314.141416,Middle
168,2014-01,580085272.4375747,474220692.4242426,Low
169,2014-02,1942906267.95495,1330137592.929293,Moderate
169,2014-02,3348274834.139809,1709761618.181818,High
169,2014-02,4228042576.367317,2696987751.515151,Middle
169,2014-02,558365336.9910483,398562829.2929292,Low
170,2014-03,1981798263.098404,1268855062.626263,Moderate
170,2014-03,3423737970.989299,1753595618.686869,High
170,2014-03,4216248398.603051,2562148676.767677,Middle
170,2014-03,535179651.5793925,350396068.1818182,Low
171,2014-04,2134379340.325672,1398602394.949495,Moderate
171,2014-04,3635006635.587984,1881048704.040405,High
171,2014-04,4227219667.145981,2542822271.717173,Middle
171,2014-04,633949942.6032685,395765747.4747476,Low
172,2014-05,1768650473.637511,1385809351.515152,Moderate
172,2014-05,3484897715.400215,2348526042.424242,High
172,2014-05,4061245999.424598,3037771302.020202,Middle
172,2014-05,487901303.5005347,369088557.5757576,Low
173,2014-06,1985328141.88072,1633516287.878788,Moderate
173,2014-06,3556257412.546541,2429611062.626264,High
173,2014-06,3984126723.695343,3008244779.79798,Middle
173,2014-06,518680348.317702,397919743.4343434,Low
174,2014-07,2058991279.66783,1818022973.232324,Moderate
174,2014-07,3767316576.252416,3380946381.313132,High
174,2014-07,4517995008.108582,3974751096.969694,Middle
174,2014-07,476451521.530318,415820621.7171717,Low
175,2014-08,2091983479.730328,5068973319.696968,Moderate
175,2014-08,3757475873.759107,12530461141.41413,High
175,2014-08,4403046864.931277,12179537104.54545,Middle
175,2014-08,544632683.6866393,1322811514.646465,Low
176,2014-09,2195254593.309809,4197411755.050503,Moderate
176,2014-09,3879951462.071486,7987165884.343438,High
176,2014-09,4659409508.266549,9411406569.696968,Middle
176,2014-09,578071224.276639,1151009527.272727,Low
177,2014-10,2254302871.017618,2295546866.666667,Moderate
177,2014-10,3804984749.249457,3310570006.565657,High
177,2014-10,4500108332.757599,4242556640.404043,Middle
177,2014-10,603701357.7192094,633567498.9898988,Low
178,2014-11,2104822486.809098,1431184310.10101,Moderate
178,2014-11,3806856570.792576,2189698341.414142,High
178,2014-11,4460670405.517527,2787586472.222223,Middle
178,2014-11,551377850.8473177,368222722.2222223,Low
179,2014-12,2883485929.245815,1813532819.696969,Moderate
179,2014-12,4735228265.049109,2625935581.313132,High
179,2014-12,6054232510.599069,3532245697.474745,Middle
179,2014-12,646566856.6079147,412626240.9090908,Low
180,2015-01,2261717825.813546,1964978106.565656,Moderate
180,2015-01,4211990961.556613,3351752274.242424,High
180,2015-01,4800574532.434713,3955252017.676768,Middle
180,2015-01,527787679.9671226,443383056.5656565,Low
181,2015-02,2222705277.581182,1527728269.69697,Moderate
181,2015-02,4203758638.038846,2221876423.737374,High
181,2015-02,4735886929.124294,3073066088.383839,Middle
181,2015-02,576056346.4784406,408270270.2020202,Low
182,2015-03,2278412738.982231,1481930940.909091,Moderate
182,2015-03,4240321832.305634,2302798787.878788,High
182,2015-03,4905198670.824945,3073216307.070708,Middle
182,2015-03,592040433.9642644,401307310.10101,Low
183,2015-04,2464539519.919952,1592720963.636364,Moderate
183,2015-04,3941688472.909491,2035909492.424242,High
183,2015-04,4689663587.863313,2822789105.050507,Middle
183,2015-04,527765880.2405421,327161982.3232324,Low
184,2015-05,2045269813.4602,1624076442.424243,Moderate
184,2015-05,3975049369.017759,2727534073.232324,High
184,2015-05,4365895812.291173,3286286236.363637,Middle
184,2015-05,551111375.5746593,416339620.2020201,Low
185,2015-06,2232117481.272239,1817190578.282829,Moderate
185,2015-06,4036848400.532708,2813434551.010101,High
185,2015-06,4860790999.325968,3655892063.131313,Middle
185,2015-06,533078721.6489246,412654743.9393938,Low
186,2015-07,2244454726.887889,1990538626.767677,Moderate
186,2015-07,4113688169.627911,3769666414.141414,High
186,2015-07,4670971564.323262,4131957222.222222,Middle
186,2015-07,585103263.8792803,506189865.1515151,Low
187,2015-08,2042268299.32489,4924960568.686866,Moderate
187,2015-08,3746578595.190058,12205506688.88889,High
187,2015-08,4302470555.651807,11802194645.9596,Middle
187,2015-08,492753322.7385994,1185525786.363636,Low
188,2015-09,2240793230.085662,4248793947.474749,Moderate
188,2015-09,4029256559.858707,8029130290.909094,High
188,2015-09,4726934404.267175,9415632958.080807,Middle
188,2015-09,565237753.3760769,1114432494.444444,Low
189,2015-10,2105453375.932206,2119519296.464647,Moderate
189,2015-10,4054714543.602308,3524230128.282828,High
189,2015-10,4670592054.675573,4315010113.636363,Middle
189,2015-10,524403445.5013785,547168169.1919193,Low
190,2015-11,2008802951.412618,1379489234.848485,Moderate
190,2015-11,3909316743.399541,2282871060.101009,High
190,2015-11,4386621899.035166,2752618672.222223,Middle
190,2015-11,446717092.7347955,301553680.8080809,Low
191,2015-12,2407303765.911324,1570251986.868687,Moderate
191,2015-12,4758826504.467876,2747997500,High
191,2015-12,5863669213.980895,3556577055.555557,Middle
191,2015-12,597969985.8647863,389483789.89899,Low
192,2016-01,2015259071.730119,1763059591.919192,Moderate
192,2016-01,3927615274.124778,3212061292.929291,High
192,2016-01,4537066860.492087,3794778933.333332,Middle
192,2016-01,518464665.9522114,447244666.6666666,Low
193,2016-02,2239166112.038671,1529979426.767678,Moderate
193,2016-02,3965844654.861339,2159613623.737373,High
193,2016-02,4724400552.907922,3091323195.454545,Middle
193,2016-02,613022676.8627453,425878622.2222224,Low
194,2016-03,2254383027.960237,1471061192.424242,Moderate
194,2016-03,4297887654.776086,2398429429.797979,High
194,2016-03,4739420015.556407,3030217790.909089,Middle
194,2016-03,617825678.2691382,422568236.3636363,Low
195,2016-04,2063701674.840532,1315972239.89899,Moderate
195,2016-04,3974666502.705845,2060187441.91919,High
195,2016-04,4757624791.128562,2867655825.252526,Middle
195,2016-04,507312066.2019308,312690185.3535353,Low
196,2016-05,2303860524.980766,1863012499.999999,Moderate
196,2016-05,4046968395.653155,2844210942.424242,High
196,2016-05,4735238291.799535,3598638872.727277,Middle
196,2016-05,565167672.2336801,430364061.6161618,Low
197,2016-06,2286800521.357163,1829778873.232322,Moderate
197,2016-06,4019198678.719892,2884965877.777779,High
197,2016-06,4762576305.668881,3554967971.212122,Middle
197,2016-06,632637603.6073173,492597206.5656567,Low
198,2016-07,2005646493.904797,1797350873.737374,Moderate
198,2016-07,3952616913.265201,3672936615.656565,High
198,2016-07,4464422486.685246,3984216232.323234,Middle
198,2016-07,451435411.3470255,398427713.6363636,Low
199,2016-08,2194390605.566745,5314519564.646465,Moderate
199,2016-08,4144114901.162154,13361008760.60607,High
199,2016-08,4814041626.397075,13165249321.71716,Middle
199,2016-08,564601473.1395245,1355643042.424243,Low
200,2016-09,2216366082.136044,4154239297.47475,Moderate
200,2016-09,4121166660.759318,7813437922.222219,High
200,2016-09,4768403913.824057,9309822837.878786,Middle
200,2016-09,549066394.6752161,1066650991.919191,Low
201,2016-10,1943096626.779525,1925001013.636364,Moderate
201,2016-10,3787628380.563464,3291509248.484848,High
201,2016-10,4385123655.162501,4001628393.939392,Middle
201,2016-10,554076251.0567764,573193357.5757577,Low
202,2016-11,2468200825.576305,1709233667.171717,Moderate
202,2016-11,5139704182.239232,3041855369.696969,High
202,2016-11,5156321499.318653,3262623116.161616,Middle
202,2016-11,621669414.9693375,423991995.959596,Low
203,2016-12,2422390255.385774,1616529438.88889,Moderate
203,2016-12,4586372397.609844,2726217855.050507,High
203,2016-12,5576044303.652354,3466843334.848486,Middle
203,2016-12,569069120.2012129,371557171.2121211,Low
204,2017-01,2371472281.146489,2093069609.09091,Moderate
204,2017-01,4355911294.269011,3689224418.686868,High
204,2017-01,4772200595.976971,4068254879.292928,Middle
204,2017-01,604083734.5029829,530451583.3333332,Low
205,2017-02,2374460110.267664,1611076414.141414,Moderate
205,2017-02,4397703613.381297,2465993719.69697,High
205,2017-02,500232021.4862561,342028586.3636363,Low
205,2017-02,5159523034.050187,3384122268.181819,Middle
206,2017-03,2855184100.913226,1856589428.787879,Moderate
206,2017-03,5001477577.606471,2781580962.626263,High
206,2017-03,5378162062.271132,3456725788.888887,Middle
206,2017-03,573051927.648035,389694910.6060605,Low
207,2017-04,2194590497.503998,1373617262.121212,Moderate
207,2017-04,3893371636.084023,2033198046.464647,High
207,2017-04,4326631576.461761,2591707138.888889,Middle
207,2017-04,572922053.1050556,348217624.7474747,Low
208,2017-05,2370348872.981343,1939760217.676768,Moderate
208,2017-05,4430599895.87906,3169192297.979799,High
208,2017-05,5519172610.766962,4229256282.323234,Middle
208,2017-05,575991200.122442,440902679.2929294,Low
209,2017-06,2194424970.348097,1727232411.616162,Moderate
209,2017-06,4670290165.567461,3360521913.131314,High
209,2017-06,5668000828.994808,4168533462.626264,Middle
209,2017-06,619075701.8618537,479978476.2626264,Low
210,2017-07,2189804715.143332,1980376770.707072,Moderate
210,2017-07,4237248668.797336,4007659654.040404,High
210,2017-07,4453197268.085631,4032330981.313133,Middle
210,2017-07,571251260.336969,513148196.9696971,Low
211,2017-08,2174743256.368354,5353700114.646465,Moderate
211,2017-08,4409332415.537092,14197735777.27272,High
211,2017-08,4876773588.762329,13423661611.1111,Middle
211,2017-08,515275205.0123097,1255581386.868687,Low
212,2017-09,2094785441.005404,3881233391.919191,Moderate
212,2017-09,4269884710.344392,7772905945.454548,High
212,2017-09,4778406463.339632,9129966329.292927,Middle
212,2017-09,502915087.7525091,960353017.1717173,Low
213,2017-10,2224609168.43116,2169291219.191919,Moderate
213,2017-10,4196278518.501516,3627007729.29293,High
213,2017-10,4711599799.749515,4250159667.171719,Middle
213,2017-10,481257124.2282317,497334029.7979799,Low
214,2017-11,2206084931.689253,1533200753.535354,Moderate
214,2017-11,4437982346.797553,2670667133.838387,High
214,2017-11,4748560494.631122,3031607091.414142,Middle
214,2017-11,517713667.7293724,354061466.6666667,Low
215,2017-12,2182207212.712389,1455411651.010102,Moderate
215,2017-12,4170463424.527163,2504093429.797982,High
215,2017-12,4888142291.9926,3062995151.0101,Middle
215,2017-12,517398349.7683659,336333240.9090909,Low
216,2018-01,2183205081.158264,1945330372.727273,Moderate
216,2018-01,4393166176.266442,3831063307.070707,High
216,2018-01,5003125254.69308,4366383388.38384,Middle
216,2018-01,509417270.4009492,458758568.1818181,Low
217,2018-02,2072671061.468294,1398081043.939394,Moderate
217,2018-02,4499557914.025022,2582477821.212123,High
217,2018-02,461004322.6869043,306931954.040404,Low
217,2018-02,4673436586.67673,3072962274.242424,Middle
218,2018-03,2159044369.480564,1395444953.535354,Moderate
218,2018-03,4233891590.462982,2331129780.80808,High
218,2018-03,4529299399.276544,2893004834.343435,Middle
218,2018-03,480752634.4728262,316817984.8484849,Low
219,2018-04,2276007396.381782,1394006262.626263,Moderate
219,2018-04,4392101948.916886,2318783385.858587,High
219,2018-04,4704922825.482252,2764127350,Middle
219,2018-04,555948605.3896219,329734725.2525252,Low
220,2018-05,2226888330.582749,1813292610.606062,Moderate
220,2018-05,4608967872.371179,3263789092.424244,High
220,2018-05,4996836932.97434,3808591505.050506,Middle
220,2018-05,502619854.4540974,380702684.3434344,Low
221,2018-06,2107252290.610533,1636291299.494949,Moderate
221,2018-06,461399790.4721938,351508264.6464647,Low
221,2018-06,4687000263.531806,3306580296.969696,High
221,2018-06,4991874093.515961,3600949856.060607,Middle
222,2018-07,2327105981.546442,2114920517.676769,Moderate
222,2018-07,4559667662.455152,4436222122.222224,High
222,2018-07,459091804.2914314,422425130.3030303,Low
222,2018-07,4972834491.121581,4554928570.202022,Middle
223,2018-08,2182715814.262616,5490605789.89899,Moderate
223,2018-08,4449910439.342248,14288896940.40404,High
223,2018-08,4833112578.790578,13442262432.82828,Middle
223,2018-08,512135305.020628,1284349918.181818,Low
224,2018-09,1941800920.703362,3603796916.666665,Moderate
224,2018-09,4155440567.240491,7463206289.393945,High
224,2018-09,4369081421.35131,8286808645.454539,Middle
224,2018-09,473280694.0567284,899085541.9191921,Low
225,2018-10,2080972633.47949,1995224899.49495,Moderate
225,2018-10,4502415688.900775,3889711402.020206,High
225,2018-10,490501183.412986,503823355.5555553,Low
225,2018-10,4925515230.751804,4394514953.030301,Middle
226,2018-11,2215737206.031733,1534646538.383838,Moderate
226,2018-11,4214991918.440677,2532280970.70707,High
226,2018-11,474716748.1019356,321475334.8484848,Low
226,2018-11,4847171417.45459,3128450306.060606,Middle
227,2018-12,2100369598.220296,1380792084.343434,Moderate
227,2018-12,422234875.7874773,271525489.8989899,Low
227,2018-12,4352169911.974083,2631404576.262628,High
227,2018-12,4576169047.199154,2872158339.393939,Middle
228,2019-01,2146670003.890705,1925557644.949495,Moderate
228,2019-01,4441610559.486388,3948287934.343433,High
228,2019-01,4699267562.391717,4200179870.707073,Middle
228,2019-01,497581355.4063122,456312931.3131314,Low
229,2019-02,1995793754.253395,1333395375.757576,Moderate
229,2019-02,4277066458.725021,2494710571.212121,High
229,2019-02,4694332185.812172,3073881813.131313,Middle
229,2019-02,573257467.4180628,372197806.5656567,Low
230,2019-03,1938888240.453997,1244909001.515151,Moderate
230,2019-03,4353389573.104358,2389392802.525253,High
230,2019-03,459972624.6063429,291381420.2020202,Low
230,2019-03,4893010834.092153,3047022998.484852,Middle
231,2019-04,2139233276.846569,1276247087.878788,Moderate
231,2019-04,4564764702.383215,2400164351.010103,High
231,2019-04,5193978244.901978,2956443280.303028,Middle
231,2019-04,629481368.4269222,360560183.8383839,Low
232,2019-05,2204709944.752856,1764929679.29293,Moderate
232,2019-05,4589833063.407516,3148808317.676768,High
232,2019-05,4964111648.006222,3712773213.636364,Middle
232,2019-05,514822731.7521957,379731576.7676769,Low
233,2019-06,2114682144.21641,1612048834.848485,Moderate
233,2019-06,4095344955.834139,2808226590.40404,High
233,2019-06,4610872719.561029,3256001633.838384,Middle
233,2019-06,462394172.5604296,339161570.2020202,Low
234,2019-07,2190384886.336652,1995447530.80808,Moderate
234,2019-07,4578971386.294504,4523942518.181817,High
234,2019-07,4983635921.131648,4612780443.939395,Middle
234,2019-07,581321111.4559145,539596847.4747477,Low
235,2019-08,2173263801.905525,5583802635.353537,Moderate
235,2019-08,4458467429.98147,14244571759.59596,High
235,2019-08,448548558.8876207,1168400491.919192,Low
235,2019-08,4848513013.475761,13628604710.10101,Middle
236,2019-09,2110830593.407788,3964072455.050501,Moderate
236,2019-09,4539114981.971993,8324464852.0202,High
236,2019-09,4635600109.666595,8853142048.989901,Middle
236,2019-09,464540496.0881847,890696678.7878788,Low
237,2019-10,2159904449.62522,2062202479.797979,Moderate
237,2019-10,4504590909.537938,3870137872.222222,High
237,2019-10,502240131.2423834,518787085.8585857,Low
237,2019-10,5109127370.886292,4541978174.242427,Middle
238,2019-11,1976130226.871265,1369388152.020202,Moderate
238,2019-11,4677618593.007122,2843545763.636363,High
238,2019-11,4695500354.294701,3086440757.575758,Middle
238,2019-11,493304132.7960346,327275318.6868687,Low
239,2019-12,2216158892.862811,1418139930.303031,Moderate
239,2019-12,418106591.7677725,266480346.4646465,Low
239,2019-12,4693077014.81159,2862965069.19192,High
239,2019-12,4742672664.076485,2975936990.90909,Middle
240,2020-01,2094055869.491243,1893787383.333334,Moderate
240,2020-01,383645771.2013613,355188930.3030303,Low
240,2020-01,4583010798.104934,4075122369.19192,High
240,2020-01,4779205322.478134,4357391572.727268,Middle
241,2020-02,2239355902.385581,1462127013.131313,Moderate
241,2020-02,404601662.8112591,255676027.7777778,Low
241,2020-02,4502901647.368165,2644993218.18182,High
241,2020-02,4859664725.265331,3132759297.979798,Middle
242,2020-03,2049892457.507204,1307338710.101011,Moderate
242,2020-03,448146270.5094371,272185830.3030303,Low
242,2020-03,4798155861.626332,2607640579.797981,High
242,2020-03,5196964219.80831,3109431112.626264,Middle
243,2020-04,1971340406.731808,1133492819.191919,Moderate
243,2020-04,379236381.6418232,206062441.9191919,Low
243,2020-04,4466215080.701929,2262247891.414142,High
243,2020-04,4587285938.559664,2505622476.262626,Middle
244,2020-05,1554189524.906851,1210448340.909091,Moderate
244,2020-05,302912335.8386451,216157799.4949495,Low
244,2020-05,3719585054.044703,2693055738.383839,Middle
244,2020-05,3842242400.468393,2519603670.202019,High
245,2020-06,1813338330.195966,1366233423.232323,Moderate
245,2020-06,3325715848.425709,2249856306.060605,High
245,2020-06,4037777676.67367,2809647289.89899,Middle
245,2020-06,539428971.2948989,379246158.5858586,Low
246,2020-07,1738370832.380891,1575059356.060607,Moderate
246,2020-07,356341398.847807,334020701.5151516,Low
246,2020-07,4125406191.484847,4063950433.333336,High
246,2020-07,4298616415.942646,3981590767.171716,Middle
247,2020-08,1742427531.32235,4550709547.979796,Moderate
247,2020-08,368165273.0939829,985686238.3838383,Low
247,2020-08,3866756678.86243,12330254202.52525,High
247,2020-08,4018043948.580501,11392814505.05051,Middle
248,2020-09,1688157671.485126,3247652271.717173,Moderate
248,2020-09,357059628.8537989,701467779.2929289,Low
248,2020-09,3908018571.581039,7625177192.929287,Middle
248,2020-09,3936616183.212921,7475960192.929295,High
249,2020-10,1611175815.579413,1542164168.181819,Moderate
249,2020-10,3431219790.823579,3066164181.313132,Middle
249,2020-10,355965786.0746343,373337489.3939394,Low
249,2020-10,3713775842.800847,3233710908.585863,High
250,2020-11,1527842873.91018,1061670433.838384,Moderate
250,2020-11,327168854.3235403,214258743.9393939,Low
250,2020-11,3459161074.409724,2156799908.080809,High
250,2020-11,3486574474.731641,2346216135.858586,Middle
251,2020-12,1471053331.291058,918941666.1616163,Moderate
251,2020-12,3522662384.848865,2215671631.818183,Middle
251,2020-12,3559263794.472875,2172187393.434344,High
251,2020-12,426299819.3506202,271022203.5353536,Low
252,2021-01,1564090266.703693,1422213651.010101,Moderate
252,2021-01,3751778088.292962,3294790382.828282,High
252,2021-01,3781580763.722435,3487158246.464647,Middle
252,2021-01,409952901.4294757,374877558.0808082,Low
253,2021-02,1776973354.856264,1129536400,Moderate
253,2021-02,360736203.3570967,221744145.959596,Low
253,2021-02,4033809742.30899,2351898778.787878,High
253,2021-02,4051202865.390532,2551510338.888889,Middle
254,2021-03,1907084173.955371,1208531296.969697,Moderate
254,2021-03,344176387.0855502,202768919.1919192,Low
254,2021-03,4001673557.813309,2273099835.353537,Middle
254,2021-03,4087129373.073275,2119786988.88889,High
255,2021-04,1960764429.27484,1071120495.454545,Moderate
255,2021-04,349513150.5375505,178585027.7777777,Low
255,2021-04,3699462552.823745,1925567872.727272,Middle
255,2021-04,4061914102.520247,1914421755.555556,High
256,2021-05,1601745032.259887,1222682683.838384,Moderate
256,2021-05,316256630.078185,219045628.7878788,Low
256,2021-05,3635378342.488245,2544806651.515152,Middle
256,2021-05,4077463260.394565,2631529254.545455,High
257,2021-06,1930250626.428401,1429364750,Moderate
257,2021-06,371062533.7207512,253183065.6565656,Low
257,2021-06,4046831304.082028,2792419297.979797,Middle
257,2021-06,4330104200.866636,2921255500,High
258,2021-07,1689794829.712558,1514993763.636364,Moderate
258,2021-07,360278721.2720799,336290946.969697,Low
258,2021-07,3831921162.493792,3530735020.707068,Middle
258,2021-07,3895049975.78218,3737937386.868686,High
259,2021-08,1691737097.766613,4476352996.464649,Moderate
259,2021-08,366260955.9921368,1001507602.525252,Low
259,2021-08,3944143587.353726,11285255991.91919,Middle
259,2021-08,4115885364.433716,13219060341.41414,High
260,2021-09,1733447460.127586,3415044505.050506,Moderate
260,2021-09,345470091.8563423,694100771.7171719,Low
260,2021-09,3979922034.37084,7789023172.222222,High
260,2021-09,4089561705.799287,8181206065.656561,Middle
261,2021-10,1494778875.140916,1447088937.373737,Moderate
261,2021-10,285602794.8851266,304758653.0303031,Low
261,2021-10,3341315281.832597,2946952830.808082,High
261,2021-10,3721241845.126431,3340862569.696971,Middle
262,2021-11,1638447488.585774,1155069348.989899,Moderate
262,2021-11,299882090.9419612,195245607.5757576,Low
262,2021-11,4029890401.420136,2785047333.838383,Middle
262,2021-11,4253953866.226503,2798348360.606061,High
263,2021-12,2074417042.361071,1260729919.191919,Moderate
263,2021-12,319186389.4267921,204164139.8989899,Low
263,2021-12,4363024921.972921,2750255501.010101,Middle
263,2021-12,4982039171.857528,3032295485.353535,High
264,2022-01,1768812251.608062,1615362195.959595,Moderate
264,2022-01,334462703.3858317,304536196.4646465,Low
264,2022-01,4234011965.354897,3915970198.48485,Middle
264,2022-01,4481797677.232418,3892439594.444443,High
265,2022-02,1801617849.706821,1109252687.878788,Moderate
265,2022-02,365380485.631503,216868803.030303,Low
265,2022-02,4224148785.678853,2598609606.060606,Middle
265,2022-02,4601663867.489902,2596984700.505051,High
266,2022-03,1781407641.883209,1125486038.383839,Moderate
266,2022-03,358396253.7674186,204680408.5858586,Low
266,2022-03,4292441679.099558,2321493731.313132,Middle
266,2022-03,4692740800.060362,2282589105.050506,High
267,2022-04,1738007601.189034,905533331.8181816,Moderate
267,2022-04,370876780.2589016,179915727.7777778,Low
267,2022-04,4696772608.348689,2048862227.272727,High
267,2022-04,4705488432.448101,2337109438.383839,Middle
268,2022-05,2180726855.077672,1635869175.757575,Moderate
268,2022-05,429070488.9461475,288784602.5252526,Low
268,2022-05,4912161989.87969,3188747230.303032,High
268,2022-05,4969472366.645803,3377231727.777778,Middle
269,2022-06,1936802179.29633,1418379162.626262,Moderate
269,2022-06,384936326.0957014,260152862.6262626,Low
269,2022-06,4873347234.213315,3223656620.202021,High
269,2022-06,5036966578.017896,3477077185.353535,Middle
270,2022-07,2246890308.575614,1989340667.676769,Moderate
270,2022-07,462269151.7005441,429855720.2020202,Low
270,2022-07,5094766064.342155,4644669967.171716,Middle
270,2022-07,5102614043.563124,4824502486.363637,High
271,2022-08,2196459833.820308,5862806492.424243,Moderate
271,2022-08,451459683.7436732,1251897061.616162,Low
271,2022-08,4881984361.288905,15778166371.71717,High
271,2022-08,5058053119.610056,14592749437.87879,Middle
272,2022-09,2172735428.124904,4367153326.767678,Moderate
272,2022-09,456786436.9772807,935549766.1616157,Low
272,2022-09,4941737438.021111,9894824577.272728,High
272,2022-09,5105297867.572593,10443215264.14142,Middle
273,2022-10,2474737918.930816,2412359001.515152,Moderate
273,2022-10,477635785.1066451,514462581.3131313,Low
273,2022-10,4985927360.33109,4511278757.070706,High
273,2022-10,5589359390.911396,5026787910.606063,Middle
274,2022-11,3821868284.513124,2735808082.323232,Moderate
274,2022-11,685277631.481485,447008367.171717,Low
274,2022-11,7955249423.60568,5478544746.464647,High
274,2022-11,9023293174.303152,6371905667.171721,Middle
275,2022-12,1832694432.438907,1098379863.131313,Moderate
275,2022-12,3879133535.868358,2318468888.383837,High
275,2022-12,4185667858.165873,2651406339.898992,Middle
275,2022-12,427218668.3367795,274179324.2424242,Low
276,2023-01,1505583870.783049,1382074997.979799,Moderate
276,2023-01,326242316.6581367,294120000.0000002,Low
276,2023-01,3444947952.262692,3184790005.050506,Middle
276,2023-01,3446181589.208735,2979711040.40404,High
277,2023-02,1648627596.029657,987127356.0606059,Moderate
277,2023-02,3008155861.844873,1636727815.151515,High
277,2023-02,3663053048.726881,2205657603.535354,Middle
277,2023-02,376234812.3408802,217251280.8080808,Low
278,2023-03,1767589773.265361,1110057277.272728,Moderate
278,2023-03,3396269647.311738,1555661938.888889,High
278,2023-03,3699415204.460675,1918464467.171717,Middle
278,2023-03,436290305.4944646,242650851.0101011,Low
279,2023-04,1453750345.899613,729899259.0909091,Moderate
279,2023-04,300047215.1888698,141520662.1212121,Low
279,2023-04,3019830436.282749,1449344711.111112,Middle
279,2023-04,3159957075.036772,1305706170.707071,High
280,2023-05,1735528123.598131,1299264181.818183,Moderate
280,2023-05,4019770478.842856,2663579405.050507,High
280,2023-05,413478535.198081,274441879.2929293,Low
280,2023-05,4182625074.740693,2798783506.565657,Middle
281,2023-06,1913730400.705309,1376300841.919192,Moderate
281,2023-06,397076257.5711113,266587504.5454545,Low
281,2023-06,4310622527.657687,2991103859.59596,Middle
281,2023-06,4346041673.663601,2805590675.252527,High
282,2023-07,1803243415.484735,1593208143.434344,Moderate
282,2023-07,377928517.1751954,351048825.2525252,Low
282,2023-07,4297497088.854907,4029312935.858586,High
282,2023-07,4332374525.989985,3931688014.646465,Middle
283,2023-08,1993324443.173979,5345028445.959598,Moderate
283,2023-08,411273520.9449975,1154630421.717172,Low
283,2023-08,4704830028.940709,15305764108.08081,High
283,2023-08,4779623404.329266,13850897044.44444,Middle
284,2023-09,2095437393.269934,4253926487.878787,Moderate
284,2023-09,446963172.972607,924714827.2727274,Low
284,2023-09,4903515835.575776,9930867982.828274,High
284,2023-09,4912545444.486951,10162830303.0303,Middle
285,2023-10,2607487301.624631,2552627540.909091,Moderate
285,2023-10,525049227.133222,565294037.8787878,Low
285,2023-10,6500917554.728498,5942524811.111113,High
285,2023-10,6902589470.413514,6224715959.595962,Middle
286,2023-11,2304418665.070546,1670222194.444445,Moderate
286,2023-11,514499748.1759425,334218128.2828283,Low
286,2023-11,5296737958.203278,3753758631.313132,High
286,2023-11,5328427544.672374,3811751292.424239,Middle
287,2023-12,2243984136.189289,1338605616.161616,Moderate
287,2023-12,482926257.598078,308534409.0909091,Low
287,2023-12,5111487927.149025,3252829941.414142,Middle
287,2023-12,5240608718.352507,3101372506.060606,High
288,2024-01,2425334491.328043,2238074937.138561,Moderate
288,2024-01,471792910.9963541,423669878.869055,Low
288,2024-01,5331935485.113151,4928584397.391939,Middle
288,2024-01,5579807583.007901,4825947105.747841,High
289,2024-02,2413645951.185259,1417045812.118069,Moderate
289,2024-02,5189487425.838238,2741084201.986986,High
289,2024-02,524685414.3237261,300373453.0566745,Low
289,2024-02,5756065929.792765,3412866937.633542,Middle
290,2024-03,1738716296.048275,1084246450.584988,Moderate
290,2024-03,426651214.2965227,233837188.8596866,Low
290,2024-03,4499222546.245901,2011965541.158365,High
290,2024-03,5051615779.331776,2554441938.096015,Middle
291,2024-04,2539170887.546908,1247315591.766435,Moderate
291,2024-04,559825258.809745,261687528.3662756,Low
291,2024-04,5643618880.499906,2291343349.972551,High
291,2024-04,5885762716.448777,2788392626.217651,Middle
292,2024-05,2533304982.125943,1907029045.252789,Moderate
292,2024-05,5473832091.033907,3664825385.483252,High
292,2024-05,560712444.7444938,372230710.4770806,Low
292,2024-05,6151129703.061402,4102037239.478947,Middle
293,2024-06,1924158142.467116,1371286992.696063,Moderate
293,2024-06,4717603200.392261,2973921417.295784,High
293,2024-06,640316384.0213124,426601220.8014416,Low
293,2024-06,6444351823.679957,4488162709.61195,Middle
