month,date,yoy_num,yoy_vol
84,2007-01,.1354711367553249,.13159598126239
85,2007-02,.0306973597552307,-.0070242268206114
86,2007-03,.0589935791419769,.1330687699700158
87,2007-04,.1398567506027544,.1657508055048121
88,2007-05,.0807928508784642,.0503440555982162
89,2007-06,.0459941855802817,.0414495599613945
90,2007-07,.0640715732896028,.0425684852785513
91,2007-08,.0121989359812873,-.0651959135352494
92,2007-09,-.1122260929683205,-.1676544794929338
93,2007-10,.0550285918963474,.0213054126062327
94,2007-11,-.0197990220173815,-.033016445717261
95,2007-12,-.047703263389826,-.0388868943218394
96,2008-01,-.1007114209186284,-.0895789557785985
97,2008-02,-.1691476664458273,-.1846457617990863
98,2008-03,-.1393088018871852,-.1631396001048588
99,2008-04,-.1311450498761622,-.1556185575396581
100,2008-05,-.1356435345075405,-.1262299937586981
101,2008-06,-.133687246718438,-.0626967070763906
102,2008-07,-.0458285258638916,.1126521032773489
103,2008-08,-.2198473904301376,-.1847984098200713
104,2008-09,-.2083248922512168,-.1906803102270845
105,2008-10,-.3089632023202395,-.3217954749977175
106,2008-11,-.2909392200567975,-.3461439892407534
107,2008-12,-.3582849064667222,-.4259768087925477
108,2009-01,-.4167253747123123,-.4629181078965129
109,2009-02,-.4502502809548664,-.4805505725710007
110,2009-03,-.4246618924932657,-.4688205156399882
111,2009-04,-.4331310610184052,-.482532163150478
112,2009-05,-.4352617231836268,-.4792363351503104
113,2009-06,-.4576868985648779,-.5373965139934581
114,2009-07,-.5153150897559419,-.6377867654311629
115,2009-08,-.4332777356352682,-.5215970191616992
116,2009-09,-.425932027388488,-.5195414844375796
117,2009-10,-.3241740256353658,-.4311580896212601
118,2009-11,-.2845122142516862,-.3607483211785229
119,2009-12,-.1872173051038132,-.2823713848910474
120,2010-01,-.1082821550781998,-.1900598180392286
121,2010-02,-.1487642710292635,-.2118954766022836
122,2010-03,-.0954227770775903,-.1195358490612621
123,2010-04,-.0402618322403489,-.0881341111194159
124,2010-05,-.0493914525725966,-.0940366925546856
125,2010-06,.0162023460078848,-.0550470277997617
126,2010-07,.0735745559982254,.0661200732533164
127,2010-08,.0996015318588159,.1098552842140974
128,2010-09,.1263753967141774,.1206232014335192
129,2010-10,.0498774386782975,.1421321004256833
130,2010-11,.1189642144640421,.2327701600813999
131,2010-12,.1059202071664065,.2836621870994299
132,2011-01,.0799514881176984,.1821347056720434
133,2011-02,.2292068842857385,.327322590226205
134,2011-03,.2524449483299479,.3033547938063055
135,2011-04,.1230345866482357,.1767632183936672
136,2011-05,.229988263230004,.287882485361408
137,2011-06,.191549468433874,.276757675861447
138,2011-07,.1291223925123391,.1648365409248374
139,2011-08,.2156992306207319,.2730707559659136
140,2011-09,.1755889614768141,.358072539754779
141,2011-10,.1799966347596131,.2142653126557128
142,2011-11,.1504400145755723,.1572276377216524
143,2011-12,.0716525432664138,.1185048230329887
144,2012-01,.0810858998953465,.1112649685710158
145,2012-02,.1277901851380473,.1158420692783458
146,2012-03,.0163622146046054,.0433832274359272
147,2012-04,.0539788436705034,.0993057374311424
148,2012-05,-.0103311792589743,.0319212338611677
149,2012-06,-.0101706669729025,.0302302908532882
150,2012-07,.0034080016996257,.0550494233128833
151,2012-08,-.0522544646690468,-.0342244234924526
152,2012-09,-.0577213748132315,-.0816258643752005
153,2012-10,-.0155467616551754,.0046294798099514
154,2012-11,-.0409540298870136,-.008200296888732
155,2012-12,.0283241110230663,.0097100875464095
156,2013-01,.0463237179927303,.133386214065209
157,2013-02,-.0243914326301055,.0533460989252349
158,2013-03,.028781871687708,.0634224689819375
159,2013-04,.0546956600093174,.0896855886431581
160,2013-05,.0568443687245502,.0499408817269259
161,2013-06,.0499099033348357,.0854737783374981
162,2013-07,.104245551761824,.1340900995603874
163,2013-08,.0839561355524792,.16179595725238
164,2013-09,.1470632392628287,.2033263877560224
165,2013-10,.128222806508263,.1672008613800748
166,2013-11,.1339653942808711,.2148328354882816
167,2013-12,.1790374292534293,.2860001862454915
168,2014-01,.1486620593622167,.1999566336580058
169,2014-02,.1579359165686895,.1895835415627552
170,2014-03,.1549509703865712,.1783470505865962
171,2014-04,.2036175987322021,.2397615425634473
172,2014-05,.1901435727904376,.2775934539530764
173,2014-06,.1290402107949114,.2019220683401841
174,2014-07,.2260909236910633,.2739419834211312
175,2014-08,.0831882472512163,.1147124518996201
176,2014-09,.0499293046547765,.0745162698154965
177,2014-10,.029625017737444,.0423178822355425
178,2014-11,.0195441242132744,.0275190790131596
179,2014-12,.023438552172975,.0155329368453419
180,2015-01,.0814766736077777,.0602174228855482
181,2015-02,.0620773090697847,.0386291520799296
182,2015-03,.086227165814949,.1168308819769327
183,2015-04,.0627684914571615,.0925221682221097
184,2015-05,.0500042630642202,.0861680321114613
185,2015-06,.1685559156045812,.2113849679367109
186,2015-07,.0388117250213934,.0660528113483682
187,2015-08,.1155118709780608,.1524998130485469
188,2015-09,.1409826193485493,.1838236932273419
189,2015-10,.2127892498021716,.2860542398833928
190,2015-11,.169901947327567,.1993951454733192
191,2015-12,.0853311892543804,.1310054165387536
192,2016-01,.0853559864506457,.1573122372821075
193,2016-02,.1792460181466919,.2414932512079739
194,2016-03,.1196058223610896,.1742814660314894
195,2016-04,.0833580029230996,.1150207692630088
196,2016-05,.2015386441537192,.2042686713444321
197,2016-06,.1114991561269977,.1814111306141574
198,2016-07,.1865506740162634,.2184670062905919
199,2016-08,.105223124028365,.1712704252715031
200,2016-09,.0289316562382907,.1253709909241778
201,2016-10,-.1075186821179181,-.0576249490204134
202,2016-11,-.0343753542764621,-.0033823636241863
203,2016-12,-.0198686236828213,-.0097762094074937
204,2017-01,.0317103266955913,.2035802988742058
205,2017-02,-.0721042641317658,-.0180289047577892
206,2017-03,.0321063627148873,.0377981974505144
207,2017-04,-.0792112521766346,-.0535514469708279
208,2017-05,-.1164308536200763,-.0825235038866819
209,2017-06,-.0560694532132739,-.0668696837980455
210,2017-07,-.0709834172662667,-.0640372164046822
211,2017-08,-.0275342483346264,-.0596322569881146
212,2017-09,-.1007775553637682,-.1295083741595162
213,2017-10,.0261972539242779,.0169537512197991
214,2017-11,.0212036815440643,.0558793428791289
215,2017-12,-.0136157048533148,-.015625434192984
216,2018-01,-.0137316327689762,-.1121575888876794
217,2018-02,.0139363939091902,.0082208078239478
218,2018-03,-.0571474655349219,-.0390746240850496
219,2018-04,.0393454143082477,.0666933259591346
220,2018-05,.0402085839713825,.0599064133205581
221,2018-06,-.0206768533411696,-.0239025743366582
222,2018-07,-.018283875928204,-.0095382156702306
223,2018-08,.0226979534596509,.0467337825003296
224,2018-09,.0901888294635522,.0765824241719268
225,2018-10,.1018537589067454,.0945181460314339
226,2018-11,.0287300141186134,.0155634379265863
227,2018-12,.0183261206855015,.0351302363395751
228,2019-01,.0523727961274904,.083229228816463
229,2019-02,.0355053557125902,.0725623190039172
230,2019-03,.0855415065941888,.0904980564506915
231,2019-04,.0564112121075464,.0497418727410288
232,2019-05,.0414147704077133,.0114515490278348
233,2019-06,.0527006889478791,-.0032405486700103
234,2019-07,.0117205999153859,-.0260708783946471
235,2019-08,.1634055426141111,.1521156473714233
236,2019-09,.2162528910487705,.1410718675417612
237,2019-10,.0957524719135665,.0302555708041029
238,2019-11,.0808953742641958,.0118132598846941
239,2019-12,.1553093186858371,.0961869151744069
240,2020-01,.0961708519782054,.0068049618216243
241,2020-02,.1337700151649426,.0266971903535588
242,2020-03,-.1992395981370245,-.3375496269843064
243,2020-04,-.4912697911016093,-.6106604451674428
244,2020-05,-.4770307490096432,-.5793048284937791
245,2020-06,-.3885901242381671,-.5029982417418912
246,2020-07,-.3261860438073192,-.4709166414330451
247,2020-08,-.3393361829236034,-.5048369450000922
248,2020-09,-.311764494103371,-.4215990615438109
249,2020-10,-.1979801245305929,-.3421128103307287
250,2020-11,-.1267022750119831,-.2877971765454976
251,2020-12,-.2062847910409674,-.3300411082528126
252,2021-01,-.1883936866941383,-.3443625614265286
253,2021-02,-.1594487843119611,-.2969413214810382
254,2021-03,.2583238389624563,.1939800983416087
255,2021-04,1.083239987770394,1.181742118975911
256,2021-05,1.14152645305997,1.221799454748342
257,2021-06,.9408500619510619,1.22204806423135
258,2021-07,.715275338944121,1.050817674390994
259,2021-08,.5042095126820236,.7762037099080654
260,2021-09,.49002447393377,.6380141903707397
261,2021-10,.3386490916867012,.5307316467172842
262,2021-11,.3289287503183282,.6100833951103438
263,2021-12,.3911310313104275,.5750139955959334
264,2022-01,.2727996015413248,.4627913557890224
265,2022-02,.3074254566151713,.5249373865982335
266,2022-03,.2349979339418838,.5019772037438275
267,2022-04,.1636946381279338,.3859343263346704
268,2022-05,.095695019989972,.299861051112177
269,2022-06,.0849275886259393,.1886072486343408
270,2022-07,.0866642620019947,.2400361177293743
271,2022-08,.0980062573654884,.2274273121832421
272,2022-09,.0520725723880181,.2095994688995061
273,2022-10,.0212449273001759,.1532428352120978
274,2022-11,-.0155984486896224,.1143939308437795
275,2022-12,-.0496053165397352,.0848041747559419
276,2023-01,.0872351720641149,.2842105387594893
277,2023-02,.004600065452569,.1895520666315742
278,2023-03,-.0516513349609275,.0572939256145894
279,2023-04,-.0142733124851244,.1085548400001254
280,2023-05,-.012686629782451,.1127003163326465
281,2023-06,-.0576548591426955,.0200240825140332
282,2023-07,-.0454245227153728,.0181960542925243
283,2023-08,-.0598521460569505,.0057771140614475
284,2023-09,-.0845615700935522,-.0224187314865158
285,2023-10,-.0596117897582142,-.0250343052343191
286,2023-11,-.0545941972140206,-.026915618141796
287,2023-12,-.0457556985766135,-.0206894081246076
288,2024-01,-.0779431249831259,-.0466138396196595
289,2024-02,-.0448607854882561,-.0122724156828722
290,2024-03,-.0694751460479731,-.0473255256672195
291,2024-04,-.0513870793218863,-.0598304853962055
292,2024-05,-.0658069387306073,-.0747517416517111
293,2024-06,-.044587243912124,-.0320148868169868
294,2024-07,-.0426743272018188,-.0560006930843214
295,2024-08,-.0168043270664555,-.0366451049997059
296,2024-09,.0045827992732842,-.0364339159928429
297,2024-10,.0184331041978399,-.0144429606723658
298,2024-11,.0266113371470265,.4374186289398208
299,2024-12,.1054871566386902,.0417627532237803
300,2025-01,.0948467418632725,-.0040031331406988
301,2025-02,.0233586030041346,-.064521011177566
302,2025-03,.0969204254151772,.0265535002101434
303,2025-04,.108373685712958,.1077163882848952
304,2025-05,.0956057775012641,.0564915668973199
305,2025-06,.0649098095476167,.0060644483183119
306,2025-07,.1157370892514682,.0521954517715998
307,2025-08,.1412493962117051,.0921923379643087
308,2025-09,.1650086965204576,.1368053046414952
309,2025-10,.1489964263817974,.0972007908002819
310,2025-11,.1536285622934781,-.2418323554086931
311,2025-12,.1550492487549801,.1623460666606056
312,2026-01,.1943897778557408,.3523111286655466
