month,date,vol,vol_unadj,credit_score_group
60,2005-01,1349389507.48496,1016523840,Near-prime
60,2005-01,1832066123.64079,1646766864,Deep subprime
60,2005-01,2498732116.7594,1685523432,Prime
60,2005-01,3562969922.88353,1948094304,Super-prime
60,2005-01,991432545.060336,831005712,Subprime
61,2005-02,1044839462.70495,695211048,Subprime
61,2005-02,1486926252.63166,839346048,Near-prime
61,2005-02,1851503152.45591,1552870800,Deep subprime
61,2005-02,2566802685.30517,1308266904,Prime
61,2005-02,3740399187.10228,1607931744,Super-prime
62,2005-03,1204133770.54272,795481920,Subprime
62,2005-03,1701761574.21927,959774160,Near-prime
62,2005-03,1772126087.4276,1576029048,Deep subprime
62,2005-03,2867688158.28715,1508556840,Prime
62,2005-03,3939313109.7456,1694257008,Super-prime
63,2005-04,1156277324.39021,754791000,Subprime
63,2005-04,1621382713.35009,911539320,Near-prime
63,2005-04,1846107131.37192,1462787376,Deep subprime
63,2005-04,2640135347.90593,1326112560,Prime
63,2005-04,3849961122.53366,1774146672,Super-prime
64,2005-05,1175400322.09527,812617104,Subprime
64,2005-05,1488209959.50107,982294488,Near-prime
64,2005-05,1869637782.93037,1540178568,Deep subprime
64,2005-05,2888925391.96788,1821929256,Prime
64,2005-05,4033076877.643,2496282040,Super-prime
65,2005-06,1201713204.97797,1104275808,Subprime
65,2005-06,1801844408.2735,1429455072,Near-prime
65,2005-06,2002924000.62084,1785008640,Deep subprime
65,2005-06,3643131309.7807,2808787248,Prime
65,2005-06,5614437964.16945,4762119504,Super-prime
66,2005-07,1291013725.5597,1245681984,Subprime
66,2005-07,1754865643.05058,1790439912,Near-prime
66,2005-07,1901256704.01751,1648232904,Deep subprime
66,2005-07,3258424267.93371,3720225696,Prime
66,2005-07,4729845575.75461,6035545728,Super-prime
67,2005-08,1167767786.87406,2579223888,Subprime
67,2005-08,1592315790.09448,4135471800,Near-prime
67,2005-08,1931731232.22884,2939388840,Deep subprime
67,2005-08,2901544410.44696,8427439632,Prime
67,2005-08,3430468308.41376,12088287060,Super-prime
68,2005-09,1168717838.04967,2138518296,Subprime
68,2005-09,1582198338.66516,3111033504,Near-prime
68,2005-09,2028754379.85835,3105693432,Deep subprime
68,2005-09,2957537125.84774,5675119812,Prime
68,2005-09,3990615244.88904,7670428884,Super-prime
69,2005-10,1402120621.87876,1550300100,Subprime
69,2005-10,1936156434.47748,2107046856,Near-prime
69,2005-10,2191210079.5304,2643684432,Deep subprime
69,2005-10,3455482963.40532,3491268156,Prime
69,2005-10,5016955174.35733,4312893184,Super-prime
70,2005-11,1541991839.05995,1245965712,Subprime
70,2005-11,2069817176.73291,1676318472,Near-prime
70,2005-11,2147669421.81989,2022393288,Deep subprime
70,2005-11,3363861679.80321,2873136924,Prime
70,2005-11,5241259795.87402,3508039056,Super-prime
71,2005-12,1451652517.63161,949845720,Subprime
71,2005-12,2168309250.9069,1322856396,Near-prime
71,2005-12,2296828391.71187,1790011368,Deep subprime
71,2005-12,3532986701.97923,2220870552,Prime
71,2005-12,5033902763.01872,2517519960,Super-prime
72,2006-01,1191684562.79225,1057997544,Subprime
72,2006-01,1767137356.18207,1358505276,Near-prime
72,2006-01,2083079567.42162,1954425600,Deep subprime
72,2006-01,3105853426.25183,2175247416,Prime
72,2006-01,4419369832.21431,2487546804,Super-prime
73,2006-02,1375063103.51793,926644864,Subprime
73,2006-02,1853209285.18751,1060892512,Near-prime
73,2006-02,2133172905.95259,1804809004,Deep subprime
73,2006-02,3355275813.47912,1752680968,Prime
73,2006-02,4805515809.13967,2098474152,Super-prime
74,2006-03,1503799334.35944,987737280,Subprime
74,2006-03,1977681566.19393,1103139708,Near-prime
74,2006-03,2183710424.75186,1943533464,Deep subprime
74,2006-03,3471459340.80701,1889584272,Prime
74,2006-03,5057982714.34441,2227791880,Super-prime
75,2006-04,1506141266.17481,942872968,Subprime
75,2006-04,2078214960.08983,1158424588,Near-prime
75,2006-04,2228694135.71539,1699374576,Deep subprime
75,2006-04,4124547394.56716,1800565692,Prime
75,2006-04,5376173574.15475,2253996240,Super-prime
76,2006-05,2126610556.82973,1512861036,Subprime
76,2006-05,2421644226.18117,1588389576,Near-prime
76,2006-05,2569077018.55826,2187852648,Deep subprime
76,2006-05,4394783501.29636,2986471380,Prime
76,2006-05,6143801944.51825,4077372648,Super-prime
77,2006-06,1854025088.24322,1683414792,Subprime
77,2006-06,2793213128.09247,2474499456,Deep subprime
77,2006-06,2809933447.31343,2172038952,Near-prime
77,2006-06,5199704851.94657,3944800584,Prime
77,2006-06,7458932593.17769,6128635500,Super-prime
78,2006-07,1763396236.39511,1671953856,Subprime
78,2006-07,2286738592.45202,2271962088,Near-prime
78,2006-07,2680351030.5178,2316448800,Deep subprime
78,2006-07,4268273769.56776,4339182372,Prime
78,2006-07,5735363828.9424,6782489400,Super-prime
79,2006-08,1225839798.30056,2710598040,Subprime
79,2006-08,1626908328.22502,4266515568,Near-prime
79,2006-08,2189763637.59938,3327051888,Deep subprime
79,2006-08,3013298351.86124,8516522688,Prime
79,2006-08,3527052606.048,12171545304,Super-prime
80,2006-09,1310131066.78247,2323943064,Subprime
80,2006-09,1510120846.59774,3011821776,Near-prime
80,2006-09,2117856618.33713,3124651536,Deep subprime
80,2006-09,2673805922.88415,5652297732,Prime
80,2006-09,3423886998.99493,7104309696,Super-prime
81,2006-10,1283114598.52709,1490017944,Subprime
81,2006-10,1645479103.91139,1815480000,Near-prime
81,2006-10,2180641919.70704,2737012824,Deep subprime
81,2006-10,3094233599.23027,3107003760,Prime
81,2006-10,4511213447.36199,3784664208,Super-prime
82,2006-11,1359320475.96071,1091536944,Subprime
82,2006-11,1862616523.70499,1472036136,Near-prime
82,2006-11,2259257995.73391,2124401496,Deep subprime
82,2006-11,3295112463.09916,2542385712,Prime
82,2006-11,4664024095.38884,2955990408,Super-prime
83,2006-12,1540307782.85366,961079280,Subprime
83,2006-12,1735415345.91976,1042786968,Near-prime
83,2006-12,2282029524.48316,1705768992,Deep subprime
83,2006-12,2845955154.4217,1701042624,Prime
83,2006-12,3989637156.5326,1879641576,Super-prime
84,2007-01,1307101843.81508,1238318760,Subprime
84,2007-01,1679925803.9098,1324967304,Near-prime
84,2007-01,2287021861.08211,2247172152,Deep subprime
84,2007-01,2717696104.87976,2223709584,Prime
84,2007-01,3694093204.13985,2497006140,Super-prime
85,2007-02,1267966191.61689,866372952,Subprime
85,2007-02,1558294109.80929,908913240,Near-prime
85,2007-02,2135674995.69012,1823114976,Deep subprime
85,2007-02,2760805207.16625,1484307288,Prime
85,2007-02,3610010996.39627,1600674456,Super-prime
86,2007-03,1288116676.65155,808229712,Subprime
86,2007-03,1688270950.50737,917760888,Near-prime
86,2007-03,2595572601.56677,2234763984,Deep subprime
86,2007-03,2923680883.77029,1531736112,Prime
86,2007-03,3556755287.09932,1519899576,Super-prime
87,2007-04,1326119918.35283,850558512,Subprime
87,2007-04,1679502873.41548,923720976,Near-prime
87,2007-04,2538378948.04069,1999512384,Deep subprime
87,2007-04,3192559971.95402,1349699064,Prime
87,2007-04,3706457708.41437,1529841240,Super-prime
88,2007-05,1269468881.7551,893192016,Subprime
88,2007-05,1546898092.7526,1007079576,Near-prime
88,2007-05,2192091207.64415,1861155408,Deep subprime
88,2007-05,2626394373.31249,1620265680,Prime
88,2007-05,3086379212.09959,1893532512,Super-prime
89,2007-06,1137235201.44402,974287056,Subprime
89,2007-06,1612539609.00153,1188608352,Near-prime
89,2007-06,2240492601.05279,1895480808,Deep subprime
89,2007-06,2670292706.05463,2000697600,Prime
89,2007-06,3215856061.5377,2600935272,Super-prime
90,2007-07,1058630335.30206,1002527784,Subprime
90,2007-07,1490584948.43288,1401087768,Near-prime
90,2007-07,2192974043.76922,1959614328,Deep subprime
90,2007-07,2537293386.27309,2329299288,Prime
90,2007-07,3042619991.58935,3209857008,Super-prime
91,2007-08,1116767505.45383,2490621264,Subprime
91,2007-08,1478302692.26456,3971844120,Near-prime
91,2007-08,2406717404.13556,3661919280,Deep subprime
91,2007-08,2480828640.81862,7735409304,Prime
91,2007-08,2873175917.02101,10445793720,Super-prime
92,2007-09,1191082023.04943,2084702232,Subprime
92,2007-09,1413849229.76422,2922425616,Near-prime
92,2007-09,2348639645.03507,3356467200,Deep subprime
92,2007-09,2646523045.54066,5122403760,Prime
92,2007-09,3278557687.79369,6503597892,Super-prime
93,2007-10,1183275822.06396,1319668800,Near-prime
93,2007-10,1864206853.42589,2069090832,Prime
93,2007-10,2042345443.23877,2663441808,Deep subprime
93,2007-10,2792658803.74748,2561315712,Super-prime
93,2007-10,899736471.199206,1100416440,Subprime
94,2007-11,1027065004.41563,807663288,Subprime
94,2007-11,1311744339.52514,984286152,Near-prime
94,2007-11,2119175930.50321,1980667992,Deep subprime
94,2007-11,2166244900.52149,1622803776,Prime
94,2007-11,3144125605.74236,1873725912,Super-prime
95,2007-12,1294197295.12783,748114008,Near-prime
95,2007-12,1983140243.89846,1453092984,Deep subprime
95,2007-12,2141357959.78673,1149046944,Prime
95,2007-12,2929985672.93992,1340507136,Super-prime
95,2007-12,984278877.236733,594932568,Subprime
96,2008-01,1021336943.07237,994575960,Subprime
96,2008-01,1490756990.05578,1201464672,Near-prime
96,2008-01,1991741410.05611,1982169768,Deep subprime
96,2008-01,2345951781.20344,1914096888,Prime
96,2008-01,3027081840.28283,2183052312,Super-prime
97,2008-02,1407586831.21908,828198576,Near-prime
97,2008-02,2187905871.01033,1965829512,Deep subprime
97,2008-02,2276110190.56452,1367288640,Prime
97,2008-02,2988273723.00535,1436172768,Super-prime
97,2008-02,998352784.790812,715222776,Subprime
98,2008-03,1053305980.01134,557729208,Near-prime
98,2008-03,2076456251.17114,969000552,Prime
98,2008-03,2117797164.93604,1755459384,Deep subprime
98,2008-03,2786375703.89054,1092113472,Super-prime
98,2008-03,785618388.956226,472917072,Subprime
99,2008-04,1053398464.25492,581069328,Near-prime
99,2008-04,1920510260.46272,875204520,Prime
99,2008-04,1964582404.67119,1612665648,Deep subprime
99,2008-04,2678395208.74923,1160221176,Super-prime
99,2008-04,874308740.170597,576964512,Subprime
100,2008-05,1071864962.3064,696666288,Near-prime
100,2008-05,1931448363.80716,1182047448,Prime
100,2008-05,2053276887.59249,1692997488,Deep subprime
100,2008-05,2460150808.31812,1477453704,Super-prime
100,2008-05,797008956.888886,543918624,Subprime
101,2008-06,1750722182.68117,1461312552,Deep subprime
101,2008-06,1896949483.06361,1123811088,Prime
101,2008-06,2312082147.84454,1582387992,Super-prime
101,2008-06,620776783.867938,514800624,Subprime
101,2008-06,895297035.014692,622480368,Near-prime
102,2008-07,1229584742.49276,1075477248,Near-prime
102,2008-07,2153408494.23123,1835732472,Prime
102,2008-07,2405391447.5413,2226465840,Deep subprime
102,2008-07,2702806959.99852,2698057560,Super-prime
102,2008-07,995749813.020186,936383616,Subprime
103,2008-08,1117149927.11556,2356144368,Subprime
103,2008-08,1383798059.98879,3848452296,Near-prime
103,2008-08,2448516632.74234,7873384584,Prime
103,2008-08,2619107182.32652,3740064000,Deep subprime
103,2008-08,3077272881.20028,10928014008,Super-prime
104,2008-09,1171513321.52463,2263992552,Subprime
104,2008-09,1523411411.60467,3269141328,Near-prime
104,2008-09,2637442292.8278,5793778568,Prime
104,2008-09,2755611028.75355,4258557168,Deep subprime
104,2008-09,3205659151.54225,6974622264,Super-prime
105,2008-10,1303347127.99469,1609024920,Subprime
105,2008-10,1748121251.77328,1951158912,Near-prime
105,2008-10,2787044505.31399,3067186752,Prime
105,2008-10,3032822184.87423,3935737032,Deep subprime
105,2008-10,3522200199.48056,3233667672,Super-prime
106,2008-11,1169794500.78855,838802160,Subprime
106,2008-11,1283313169.12209,905299152,Near-prime
106,2008-11,2389821750.26919,1507828488,Prime
106,2008-11,2998780058.86254,1548055656,Super-prime
106,2008-11,2999029749.13448,2580515328,Deep subprime
107,2008-12,1275139913.44029,789541368,Subprime
107,2008-12,1515122007.01201,831686136,Near-prime
107,2008-12,2558533156.44846,1417900776,Prime
107,2008-12,3238377474.06032,2481880560,Deep subprime
107,2008-12,3323950692.01495,1641132060,Super-prime
108,2009-01,1416444259.6807,1350488976,Subprime
108,2009-01,1641671428.3301,1343039592,Near-prime
108,2009-01,2583395704.24798,2196081096,Prime
108,2009-01,3418540980.98424,3306771264,Deep subprime
108,2009-01,3497743096.40158,2705969232,Super-prime
109,2009-02,1362620249.18696,929094384,Subprime
109,2009-02,1592115286.52466,936751416,Near-prime
109,2009-02,2650525002.2788,1408092624,Prime
109,2009-02,3210232618.76227,1434400056,Super-prime
109,2009-02,3367243999.38827,2909844840,Deep subprime
110,2009-03,1354693383.78384,839705280,Subprime
110,2009-03,1600870071.01044,826829904,Near-prime
110,2009-03,2625910546.59352,1186068120,Prime
110,2009-03,3217459726.55195,2747995368,Deep subprime
110,2009-03,3248251486.77338,1242616656,Super-prime
111,2009-04,1241008277.04626,813469920,Subprime
111,2009-04,1511488769.75051,839631240,Near-prime
111,2009-04,2617938368.27404,1103139432,Prime
111,2009-04,3137327464.20312,1285199112,Super-prime
111,2009-04,3221582609.93502,2656662648,Deep subprime
112,2009-05,1306656169.10982,877176336,Subprime
112,2009-05,1518462140.08751,998550240,Near-prime
112,2009-05,2726476134.03758,1646262504,Prime
112,2009-05,3213053857.26979,2603134152,Deep subprime
112,2009-05,3218143844.24468,1895253816,Super-prime
113,2009-06,1271334884.12066,849263064,Near-prime
113,2009-06,2308133117.12859,1428428772,Prime
113,2009-06,2585376724.8196,2218017792,Deep subprime
113,2009-06,2633986185.21167,1869603648,Super-prime
113,2009-06,986389508.313218,828121800,Subprime
114,2009-07,1212262429.55923,1106645520,Subprime
114,2009-07,1418006398.03873,1161710808,Near-prime
114,2009-07,2468959325.88282,2052672480,Prime
114,2009-07,3094633140.63885,2892269112,Deep subprime
114,2009-07,3127724755.02896,2949137136,Super-prime
115,2009-08,1245774037.60092,2669114712,Subprime
115,2009-08,1518038197.47764,4350780912,Near-prime
115,2009-08,2659470133.71081,8508401088,Prime
115,2009-08,3147877913.52897,4504448400,Deep subprime
115,2009-08,3285877877.0607,11811727032,Super-prime
116,2009-09,1249009900.7711,2475489384,Subprime
116,2009-09,1537118104.19822,3389259392,Near-prime
116,2009-09,2531961812.44666,5855060192,Prime
116,2009-09,3100489886.07619,6884053324,Super-prime
116,2009-09,3203417071.37266,5017987176,Deep subprime
117,2009-10,1481882707.60512,1775215200,Subprime
117,2009-10,1698683901.84209,1903543008,Near-prime
117,2009-10,2630528038.03494,2745801384,Prime
117,2009-10,3251676682.21637,2855272600,Super-prime
117,2009-10,3651997249.99279,4527987808,Deep subprime
118,2009-11,1557378425.86218,1119541008,Subprime
118,2009-11,1610553861.01955,1059838776,Near-prime
118,2009-11,2656504198.29745,1535435256,Prime
118,2009-11,3191186706.83185,1597784616,Super-prime
118,2009-11,3790729246.26871,3300781200,Deep subprime
119,2009-12,1455032190.30577,857540784,Subprime
119,2009-12,1640842189.42352,851296392,Near-prime
119,2009-12,2575232144.57853,1286862672,Prime
119,2009-12,3257049605.39849,1583728512,Super-prime
119,2009-12,3643159262.80799,2720370984,Deep subprime
120,2010-01,1425170041.99911,1303403688,Subprime
120,2010-01,1521635374.8374,1248490080,Near-prime
120,2010-01,2554182927.03069,2110076328,Prime
120,2010-01,3216820509.04357,2398126740,Super-prime
120,2010-01,3712882424.41945,3473242296,Deep subprime
121,2010-02,1410841634.63489,947878008,Subprime
121,2010-02,1657148144.61397,963587424,Near-prime
121,2010-02,2557740138.43636,1295561592,Prime
121,2010-02,3216500939.53764,1429235856,Super-prime
121,2010-02,3578602458.78223,3101818632,Deep subprime
122,2010-03,1461034344.46948,951963696,Subprime
122,2010-03,1530471805.19589,792159960,Near-prime
122,2010-03,2727579333.83464,1312266480,Prime
122,2010-03,3028021491.80964,1264705200,Super-prime
122,2010-03,3560304693.21004,3128588520,Deep subprime
123,2010-04,1389636195.39512,907955592,Subprime
123,2010-04,1427820732.59342,812731968,Near-prime
123,2010-04,2654931241.28283,1155813336,Prime
123,2010-04,2817045606.8527,1126899984,Super-prime
123,2010-04,3447436296.72535,2873234688,Deep subprime
124,2010-05,1198753031.89698,840146088,Subprime
124,2010-05,1298930404.59887,874692504,Near-prime
124,2010-05,2365995232.60228,1393024416,Prime
124,2010-05,2723326967.95281,1674609000,Super-prime
124,2010-05,3117391149.42273,2604280032,Deep subprime
125,2010-06,1236291226.74114,1024254952,Subprime
125,2010-06,1411397356.25994,925070784,Near-prime
125,2010-06,2352708947.13049,1511816208,Prime
125,2010-06,2593432493.40998,1899299556,Super-prime
125,2010-06,3267764208.76038,2806347792,Deep subprime
126,2010-07,1171264187.61799,1015978992,Subprime
126,2010-07,1206105891.14758,951318264,Near-prime
126,2010-07,2002741712.58097,1612617192,Prime
126,2010-07,2609715312.70984,2365864088,Deep subprime
126,2010-07,2636491796.65035,2369037672,Super-prime
127,2010-08,1219340140.49785,2740027776,Subprime
127,2010-08,1413576117.84358,4134903000,Near-prime
127,2010-08,2377717966.30402,7883005008,Prime
127,2010-08,2979761575.51149,4416080304,Deep subprime
127,2010-08,3005773988.38062,10793295360,Super-prime
128,2010-09,1297449617.13442,2610357936,Subprime
128,2010-09,1500703843.94893,3328120176,Near-prime
128,2010-09,2544697103.87428,5580778668,Prime
128,2010-09,2939324645.66292,4667374728,Deep subprime
128,2010-09,3116223673.07671,6669314496,Super-prime
129,2010-10,1287150686.82109,1471084776,Subprime
129,2010-10,1375793220.37157,1526998152,Near-prime
129,2010-10,2303631438.78106,2215543416,Prime
129,2010-10,2924386473.82783,3431273548,Deep subprime
129,2010-10,2959760631.67762,2404569720,Super-prime
130,2010-11,1133329549.86474,827990376,Subprime
130,2010-11,1306726233.71465,821952648,Near-prime
130,2010-11,2116366957.53016,1233130776,Prime
130,2010-11,2729178840.96736,2405821728,Deep subprime
130,2010-11,2870327819.53622,1526856672,Super-prime
131,2010-12,1133265458.06101,645597576,Subprime
131,2010-12,1257160738.63971,628188288,Near-prime
131,2010-12,2034879393.21586,1045267704,Prime
131,2010-12,2579598605.87066,1905083688,Deep subprime
131,2010-12,2868893690.24051,1472083688,Super-prime
132,2011-01,1229952477.25802,1091581080,Subprime
132,2011-01,1365930308.3853,1113734976,Near-prime
132,2011-01,2327511822.78795,1782080784,Prime
132,2011-01,2706349381.64765,2499589368,Deep subprime
132,2011-01,3101003067.17647,2245359072,Super-prime
133,2011-02,1195910098.90092,791252064,Subprime
133,2011-02,1378199190.68311,794356704,Near-prime
133,2011-02,2371960716.90632,1160452440,Prime
133,2011-02,2756980733.15223,2392336848,Deep subprime
133,2011-02,3023548678.07248,1342459344,Super-prime
134,2011-03,1202876836.02756,806665464,Subprime
134,2011-03,1353273269.32082,722788200,Near-prime
134,2011-03,2372431897.57676,1052890200,Prime
134,2011-03,2650377535.19185,1068402384,Super-prime
134,2011-03,2752921837.60743,2427002904,Deep subprime
135,2011-04,1717435722.33961,1004376120,Near-prime
135,2011-04,1748163581.14548,1115329056,Subprime
135,2011-04,3128204087.17641,1452016224,Prime
135,2011-04,3602877628.06608,2934649752,Deep subprime
135,2011-04,4228013650.50405,1752266424,Super-prime
136,2011-05,1467035630.89224,1113472680,Subprime
136,2011-05,1668081744.83189,1152347736,Near-prime
136,2011-05,2722492463.18786,1677957024,Prime
136,2011-05,3311835194.39555,2958638160,Deep subprime
136,2011-05,3667857369.15936,2368425768,Super-prime
137,2011-06,1338727316.35948,888290424,Near-prime
137,2011-06,1407284715.09291,1166442600,Subprime
137,2011-06,2551952367.36527,1596040176,Prime
137,2011-06,2992936869.59938,2592915792,Deep subprime
137,2011-06,3304609353.91746,2473299096,Super-prime
138,2011-07,1476114551.63094,1159348392,Near-prime
138,2011-07,1528078882.15229,1275265200,Subprime
138,2011-07,2676543439.45643,2146252224,Prime
138,2011-07,3193517501.00809,2794529496,Super-prime
138,2011-07,3302699577.55007,2899566288,Deep subprime
139,2011-08,1457334864.88768,3410775528,Subprime
139,2011-08,1660527890.55559,4867694472,Near-prime
139,2011-08,2529967228.30786,9439064376,Prime
139,2011-08,2977671846.55948,11655925140,Super-prime
139,2011-08,3360082950.90979,5141241152,Deep subprime
140,2011-09,1319149626.13951,2678947320,Subprime
140,2011-09,1409634970.4612,3104251560,Near-prime
140,2011-09,2422269480.10771,5456905704,Prime
140,2011-09,2859958664.90034,4585702104,Deep subprime
140,2011-09,2871372162.7041,5991890280,Super-prime
141,2011-10,1147358485.40917,1245321816,Near-prime
141,2011-10,1184429919.75284,1313322672,Subprime
141,2011-10,2244527885.77902,1879049208,Prime
141,2011-10,2590548895.19291,2960077032,Deep subprime
141,2011-10,2698610508.98426,2064190680,Super-prime
142,2011-11,1240077150.90461,889124736,Subprime
142,2011-11,1387768461.60682,844206192,Near-prime
142,2011-11,2450892184.0983,1431014088,Prime
142,2011-11,2671585942.27656,2303144940,Deep subprime
142,2011-11,3163229937.78258,1775631444,Super-prime
143,2011-12,1142955920.1683,622639896,Subprime
143,2011-12,1237262233.4486,619134912,Near-prime
143,2011-12,2325274251.76077,1192494072,Prime
143,2011-12,2724174206.57126,1947128352,Deep subprime
143,2011-12,2948962332.92545,1573838868,Super-prime
144,2012-01,1220574764.67461,1079522328,Subprime
144,2012-01,1371629622.6602,1114053264,Near-prime
144,2012-01,2394733169.61961,1813600368,Prime
144,2012-01,2763971460.03488,2595020232,Deep subprime
144,2012-01,2846735888.21246,2009168580,Super-prime
145,2012-02,1042831814.47742,720314904,Subprime
145,2012-02,1172780793.77061,676596420,Near-prime
145,2012-02,2247928083.16509,1159217280,Prime
145,2012-02,2360058029.58008,1147197680,Super-prime
145,2012-02,2638673596.97387,2395278168,Deep subprime
146,2012-03,1223513325.57934,826615032,Subprime
146,2012-03,1335633438.85939,748685448,Near-prime
146,2012-03,2239420631.79317,1046513640,Prime
146,2012-03,2574572106.09438,2228459184,Deep subprime
146,2012-03,2860310638.81511,1165394064,Super-prime
147,2012-04,1238225723.65483,809718000,Subprime
147,2012-04,1243203057.98215,756642432,Near-prime
147,2012-04,2336560352.61415,942650904,Prime
147,2012-04,2650727997.60825,2198870424,Deep subprime
147,2012-04,3027119585.34728,1152672336,Super-prime
148,2012-05,1493982189.9645,1222438056,Subprime
148,2012-05,1630479720.83009,1151523588,Near-prime
148,2012-05,2720256305.85248,2588250696,Deep subprime
148,2012-05,2898909385.2489,1888574160,Prime
148,2012-05,3113690375.06878,2181231360,Super-prime
149,2012-06,1672446715.23005,1340642808,Subprime
149,2012-06,1890174987.22907,1284424296,Near-prime
149,2012-06,2792052136.71792,1983221592,Prime
149,2012-06,3138594480.00208,2641152312,Deep subprime
149,2012-06,3435874855.27036,2724788208,Super-prime
150,2012-07,1959979612.35887,1686864048,Subprime
150,2012-07,2170592810.84459,1733153304,Near-prime
150,2012-07,2862136109.07595,2584635624,Deep subprime
150,2012-07,3814014554.4819,2935821192,Prime
150,2012-07,4356283524.40231,3816680532,Super-prime
151,2012-08,1388462272.40107,3231991956,Subprime
151,2012-08,1554853846.39675,4504102536,Near-prime
151,2012-08,2536238316.9723,9380472744,Prime
151,2012-08,2592589052.0764,3961783584,Deep subprime
151,2012-08,3061063315.42865,11778574064,Super-prime
152,2012-09,1365543267.72596,2599789800,Subprime
152,2012-09,1438735290.58841,3112914888,Near-prime
152,2012-09,2473688819.51383,5175818232,Prime
152,2012-09,2861043868.34037,4284819288,Deep subprime
152,2012-09,2901106834.18213,5567339424,Super-prime
153,2012-10,1421211656.72487,1617789168,Subprime
153,2012-10,1686171247.99132,1754355240,Near-prime
153,2012-10,2515809087.83308,2239117032,Prime
153,2012-10,2630022368.42379,3123679176,Deep subprime
153,2012-10,3142177144.76598,2575074516,Super-prime
154,2012-11,1155847584.39885,822980952,Subprime
154,2012-11,1178878996.89162,707789112,Near-prime
154,2012-11,2371039790.47392,1318449348,Prime
154,2012-11,2538975880.43411,2148069648,Deep subprime
154,2012-11,2683381224.15261,1479612672,Super-prime
155,2012-12,1333392707.59817,714021768,Subprime
155,2012-12,1424709836.97814,741483096,Near-prime
155,2012-12,2323854617.98888,1636133232,Deep subprime
155,2012-12,2512435531.50519,1258108728,Prime
155,2012-12,2677641783.09354,1440939456,Super-prime
156,2013-01,1311879723.44492,1164579696,Subprime
156,2013-01,1407428637.10508,1156731816,Near-prime
156,2013-01,2399086017.01921,1875209280,Prime
156,2013-01,2500372554.38917,2389092336,Deep subprime
156,2013-01,2707734619.24419,2077795848,Super-prime
157,2013-02,1261807385.33692,853132200,Subprime
157,2013-02,1390378178.48646,820493104,Near-prime
157,2013-02,2385016290.67994,1174225104,Prime
157,2013-02,2429000329.91921,2119744200,Deep subprime
157,2013-02,2643039498.97138,1231364136,Super-prime
158,2013-03,1227057591.40083,829664520,Subprime
158,2013-03,1293558123.45369,764250972,Near-prime
158,2013-03,1692761570.89282,819193200,Prime
158,2013-03,2082680537.86023,834998592,Super-prime
158,2013-03,2349687158.79827,2027429136,Deep subprime
159,2013-04,1087044675.56785,758363496,Subprime
159,2013-04,1848750275.48489,824846700,Prime
159,2013-04,2049871620.41191,862882800,Super-prime
159,2013-04,2243811906.23418,1950483072,Deep subprime
159,2013-04,922103862.654817,579037272,Near-prime
160,2013-05,1110559967.73337,934475688,Subprime
160,2013-05,1158316929.94928,829681152,Near-prime
160,2013-05,1926558238.52829,1297585320,Prime
160,2013-05,2166869276.02895,1551351984,Super-prime
160,2013-05,2217823851.52085,2143318664,Deep subprime
161,2013-06,1033722773.42308,808433568,Subprime
161,2013-06,1068359640.19165,763452792,Near-prime
161,2013-06,1842440621.57816,1157260656,Prime
161,2013-06,2106226298.11951,1522321080,Super-prime
161,2013-06,2219434476.88075,1818642984,Deep subprime
162,2013-07,1016904291.30635,897066984,Subprime
162,2013-07,1137713859.47254,925934472,Near-prime
162,2013-07,1816686785.05603,1573125852,Prime
162,2013-07,2026129838.53935,1867170672,Deep subprime
162,2013-07,2221170862.49693,2214628044,Super-prime
163,2013-08,1187976694.42582,2608433040,Subprime
163,2013-08,1238634536.12969,3467063640,Near-prime
163,2013-08,2104535424.89109,7530156756,Prime
163,2013-08,2245786502.72841,3279690744,Deep subprime
163,2013-08,2482451231.43344,9116668824,Super-prime
164,2013-09,1169576598.89701,2296418112,Subprime
164,2013-09,1249618296.59418,2631677136,Near-prime
164,2013-09,2122141150.5603,4352916480,Prime
164,2013-09,2316739607.5517,3560333384,Deep subprime
164,2013-09,2629222640.94909,4941883488,Super-prime
165,2013-10,1085512957.64102,1205527968,Subprime
165,2013-10,1138076600.96399,1161993192,Near-prime
165,2013-10,1971985168.65012,1633646448,Prime
165,2013-10,2222796515.18079,2594428784,Deep subprime
165,2013-10,2464142469.65619,1934791164,Super-prime
166,2013-11,1132167661.57886,776157336,Subprime
166,2013-11,1223389733.14117,730182576,Near-prime
166,2013-11,1978628394.06386,1198689864,Prime
166,2013-11,2354684542.79641,1899350640,Deep subprime
166,2013-11,2483432175.62947,1447338864,Super-prime
167,2013-12,1095176912.32476,612372744,Near-prime
167,2013-12,1119717865.35211,647710248,Subprime
167,2013-12,1780988801.45919,954238488,Prime
167,2013-12,1921331424.8933,1118991720,Super-prime
167,2013-12,2387883489.77334,1797886392,Deep subprime
168,2014-01,1120290084.56369,984546360,Subprime
168,2014-01,1202414020.87346,1012353504,Near-prime
168,2014-01,1917463816.91141,1556471328,Prime
168,2014-01,2176898000.0962,2067478344,Deep subprime
168,2014-01,2283658629.75873,1837624464,Super-prime
169,2014-02,1115703747.77478,784028184,Subprime
169,2014-02,1239276352.77852,760444512,Near-prime
169,2014-02,1923000534.27414,959387808,Prime
169,2014-02,2291333030.58552,1093829160,Super-prime
169,2014-02,2379271850.59647,2093254656,Deep subprime
170,2014-03,1217571109.9919,848281752,Subprime
170,2014-03,1365873357.49883,841081920,Near-prime
170,2014-03,2194999219.34231,1082347488,Prime
170,2014-03,2350708633.64771,2096407776,Deep subprime
170,2014-03,2410676260.32501,1006606272,Super-prime
171,2014-04,1226670238.30516,791152488,Near-prime
171,2014-04,1370760999.33047,979445592,Subprime
171,2014-04,2265184727.23456,1085730912,Prime
171,2014-04,2375068947.7389,2080347240,Deep subprime
171,2014-04,2584576758.63521,1168009224,Super-prime
172,2014-05,1135058560.61434,823656984,Near-prime
172,2014-05,1214358056.88491,1002370416,Subprime
172,2014-05,1886105694.74225,1773644904,Deep subprime
172,2014-05,1989511242.95667,1303604268,Prime
172,2014-05,2447351531.2779,1729989888,Super-prime
173,2014-06,1157548251.8959,860359416,Near-prime
173,2014-06,1185495093.96264,968441328,Subprime
173,2014-06,2044350433.70765,1296949200,Prime
173,2014-06,2277507805.74078,1946134968,Deep subprime
173,2014-06,2577458327.41938,1870291884,Super-prime
174,2014-07,1271940960.46156,1107301020,Subprime
174,2014-07,1303227579.39237,1073105712,Near-prime
174,2014-07,2199027998.51696,1860978648,Prime
174,2014-07,2277657558.38023,2053970544,Deep subprime
174,2014-07,2774808892.47472,2761027900,Super-prime
175,2014-08,1318359137.48565,2707925520,Subprime
175,2014-08,1333870407.0542,3590876136,Near-prime
175,2014-08,2102133846.15579,7137397284,Prime
175,2014-08,2392750283.1928,3328545408,Deep subprime
175,2014-08,2815423950.83154,9477398312,Super-prime
176,2014-09,1350001557.82829,2703543960,Subprime
176,2014-09,1426924399.61455,2918634648,Near-prime
176,2014-09,2208352614.00625,4762900968,Prime
176,2014-09,2263540263.83969,3527853120,Deep subprime
176,2014-09,2804338651.24615,5447738284,Super-prime
177,2014-10,1210565740.98773,1339135440,Subprime
177,2014-10,1348530724.38922,1364676288,Near-prime
177,2014-10,2241909090.69004,2604360360,Deep subprime
177,2014-10,2275334277.79423,1989544008,Prime
177,2014-10,2722830908.48292,2196920320,Super-prime
178,2014-11,1312783719.04287,793931376,Near-prime
178,2014-11,1316398153.29442,883450224,Subprime
178,2014-11,2264379525.09499,1254836856,Prime
178,2014-11,2322470600.95187,1809215472,Deep subprime
178,2014-11,2950609234.49371,1623093792,Super-prime
179,2014-12,1658374475.69748,1042394832,Subprime
179,2014-12,1696375531.31047,1014507984,Near-prime
179,2014-12,2392877800.70322,1549652484,Prime
179,2014-12,2973423196.47546,2405638992,Deep subprime
179,2014-12,3213965992.99228,2257294296,Super-prime
180,2015-01,1278586477.05101,1088262648,Subprime
180,2015-01,1434545846.24934,1239603624,Near-prime
180,2015-01,2245442120.69418,2058160584,Deep subprime
180,2015-01,2262879402.7806,1825353720,Prime
180,2015-01,3345443456.03143,2742421728,Super-prime
181,2015-02,1427447095.74473,1040131632,Subprime
181,2015-02,1504086860.90304,961448688,Near-prime
181,2015-02,2264330927.48984,2007031152,Deep subprime
181,2015-02,2329713219.18191,1192599000,Prime
181,2015-02,3221179630.08024,1586273712,Super-prime
182,2015-03,1500415090.5434,954076392,Near-prime
182,2015-03,1511249180.63803,1109105616,Subprime
182,2015-03,2308729811.51472,2194338456,Deep subprime
182,2015-03,2476484881.94935,1285832904,Prime
182,2015-03,3309321868.84012,1476510744,Super-prime
183,2015-04,1375399795.06742,1006255248,Subprime
183,2015-04,1523010220.59967,998980824,Near-prime
183,2015-04,2144352332.79983,982020768,Prime
183,2015-04,2297265682.574,2020858176,Deep subprime
183,2015-04,3485506476.67696,1596834624,Super-prime
184,2015-05,1278815281.90353,1024552248,Subprime
184,2015-05,1402345082.46663,1024035888,Near-prime
184,2015-05,2012993231.37189,1321600800,Prime
184,2015-05,2232861343.50196,2024966376,Deep subprime
184,2015-05,3003361651.6314,2108718720,Super-prime
185,2015-06,1347203000.95372,1148673720,Subprime
185,2015-06,1484901764.03989,1145252832,Near-prime
185,2015-06,2193408811.23746,1953579312,Deep subprime
185,2015-06,2194193704.10883,1548011088,Prime
185,2015-06,3161925773.94951,2498021148,Super-prime
186,2015-07,1339965201.41163,1150927800,Subprime
186,2015-07,1453339625.74768,1197441096,Near-prime
186,2015-07,2204048566.34478,2009709784,Prime
186,2015-07,2234607732.40498,1978997880,Deep subprime
186,2015-07,3167585355.68599,3312682440,Super-prime
187,2015-08,1217432767.38568,2417321352,Subprime
187,2015-08,1327419751.31817,3438015108,Near-prime
187,2015-08,2100224995.30214,6540014736,Prime
187,2015-08,2108959485.6079,2895835920,Deep subprime
187,2015-08,3039910256.23124,9496961952,Super-prime
188,2015-09,1277958524.67578,2522880360,Subprime
188,2015-09,1329306477.80414,2657418408,Near-prime
188,2015-09,2134455497.58869,3245769072,Deep subprime
188,2015-09,2187241060.36449,4634843856,Prime
188,2015-09,3159869848.01471,6042814536,Super-prime
189,2015-10,1250724353.69059,1272731544,Near-prime
189,2015-10,1342034988.35363,1447622280,Subprime
189,2015-10,2105053248.17435,2373460656,Deep subprime
189,2015-10,2190000714.52609,1878819816,Prime
189,2015-10,3282951328.78912,2645320452,Super-prime
190,2015-11,1300446936.07425,916133208,Subprime
190,2015-11,1340044991.95897,821084976,Near-prime
190,2015-11,1956685969.91483,1587998208,Deep subprime
190,2015-11,2096390244.12941,1220487336,Prime
190,2015-11,3026720572.10925,1775423592,Super-prime
191,2015-12,1367722953.153,894097680,Subprime
191,2015-12,1636498432.41151,1036024920,Near-prime
191,2015-12,2215804525.26806,1445131392,Prime
191,2015-12,2491959306.8011,2073251496,Deep subprime
191,2015-12,3195478898.36543,2332716156,Super-prime
192,2016-01,1318274074.63095,1095418779.30437,Subprime
192,2016-01,1418409859.84107,1251153853.36125,Near-prime
192,2016-01,2081679114.0539,1849845834.66672,Deep subprime
192,2016-01,2216742768.57357,1792212298.25396,Prime
192,2016-01,3125279261.24064,2512580211.93834,Super-prime
193,2016-02,1416410751.16361,932302649.776991,Near-prime
193,2016-02,1460196152.24296,1142791377.38733,Subprime
193,2016-02,2030745131.4076,1891101650.07689,Deep subprime
193,2016-02,2185371977.85304,1172477609.49048,Prime
193,2016-02,3228068659.32435,1715153873.31095,Super-prime
194,2016-03,1258404252.18101,963835463.824524,Subprime
194,2016-03,1333090365.70201,856982252.634828,Near-prime
194,2016-03,2113462062.56037,2114070451.09275,Deep subprime
194,2016-03,2242654681.6533,1259992588.25777,Prime
194,2016-03,3699090374.55792,1878155583.74573,Super-prime
195,2016-04,1310850082.74191,939618911.640967,Subprime
195,2016-04,1381464475.75267,919391489.704952,Near-prime
195,2016-04,1964075194.52862,1672713432.38036,Deep subprime
195,2016-04,2171012530.37679,1098901376.26973,Prime
195,2016-04,2948599222.01922,1393592758.80795,Super-prime
196,2016-05,1402455812.67424,1162143466.93867,Subprime
196,2016-05,1442051947.66799,1062794441.64675,Near-prime
196,2016-05,2060193026.56251,1933977524.31715,Deep subprime
196,2016-05,2468796182.72868,1594947043.19952,Prime
196,2016-05,3372073362.34094,2417360711.90358,Super-prime
197,2016-06,1401114498.73937,1201674660.24379,Subprime
197,2016-06,1482859088.91021,1167093251.71707,Near-prime
197,2016-06,2074313675.97801,1850319938.24698,Deep subprime
197,2016-06,2215449708.26008,1540638520.90196,Prime
197,2016-06,3180231673.25145,2599755167.19479,Super-prime
198,2016-07,1250875022.4285,1001278064.77794,Subprime
198,2016-07,1285828944.17431,1058785972.87717,Near-prime
198,2016-07,1958496838.53967,1606393749.41881,Deep subprime
198,2016-07,2159586431.86091,1925036782.57686,Prime
198,2016-07,3097260149.11537,3075423326.95995,Super-prime
199,2016-08,1117882279.17323,2322459988.76747,Subprime
199,2016-08,1233849202.37839,3119139791.31471,Near-prime
199,2016-08,1666414516.20254,5646558399.35923,Prime
199,2016-08,1979946102.83308,2892927385.15143,Deep subprime
199,2016-08,2629761550.62999,8547515251.15914,Super-prime
200,2016-09,1086594642.836,2112406802.18361,Subprime
200,2016-09,1194818809.93131,2347651996.3866,Near-prime
200,2016-09,1996820952.04871,2976585914.49187,Deep subprime
200,2016-09,2040016998.54731,3983327158.3364,Prime
200,2016-09,2776428427.38503,4979130819.00392,Super-prime
201,2016-10,1453194272.90516,1532502148.68442,Subprime
201,2016-10,1529822889.09604,1560607277.30232,Near-prime
201,2016-10,2176237009.78426,1722091438.24283,Prime
201,2016-10,2246460120.53551,2458085141.80012,Deep subprime
201,2016-10,3253007299.39482,2495643349.51025,Super-prime
202,2016-11,1673411966.27272,1042867006.83812,Near-prime
202,2016-11,1710505285.06781,1265348910.13132,Subprime
202,2016-11,2396193782.44186,1642797321.17456,Prime
202,2016-11,2534106591.55702,2138319702.30909,Deep subprime
202,2016-11,3603794945.36585,2459584521.16896,Super-prime
